Lagernummer;Lagerplatz;Aktivit‰t;Fortlaufende Nummer;Aktivit‰tsbereich;Lagertyp;Lagerbereich;Lagerplatzgang;Sortierreihenfolge;Entfernung zum Start des Gangs;Gangl‰nge;Folgegang;Enfernung zum Folgegang;Konsolidierungsgrup.;Nachrichtenzeile
4901;KL37001  P01;PTWY;1;FL3;KL3P;;7;70000;;;;;;
4901;KL37001  P02;PTWY;2;FL3;KL3P;;7;70001;;;;;;
4901;KL37001  P03;PTWY;3;FL3;KL3P;;7;70002;;;;;;
4901;KL37001  P04;PTWY;4;FL3;KL3P;;7;70003;;;;;;
4901;KL37001  P05;PTWY;5;FL3;KL3P;;7;70004;;;;;;
4901;KL37001  P05 ;PTWY;6;FL3;KL3P;;7;70005;;;;;;
4901;KL37001  P06;PTWY;7;FL3;KL3P;;7;70006;;;;;;
4901;KL37001  P06 ;PTWY;8;FL3;KL3P;;7;70007;;;;;;
4901;KL37001  P07;PTWY;9;FL3;KL3P;;7;70008;;;;;;
4901;KL37001  P08;PTWY;10;FL3;KL3P;;7;70009;;;;;;
4901;KL37001  P08 ;PTWY;11;FL3;KL3P;;7;70010;;;;;;
4901;KL37001  P09;PTWY;12;FL3;KL3P;;7;70011;;;;;;
4901;KL37002  P01;PTWY;13;FL3;KL3P;;7;70012;;;;;;
4901;KL37002  P02;PTWY;14;FL3;KL3P;;7;70013;;;;;;
4901;KL37002  P03;PTWY;15;FL3;KL3P;;7;70014;;;;;;
4901;KL37002  P04;PTWY;16;FL3;KL3P;;7;70015;;;;;;
4901;KL37002  P05;PTWY;17;FL3;KL3P;;7;70016;;;;;;
4901;KL37002  P05 ;PTWY;18;FL3;KL3P;;7;70017;;;;;;
4901;KL37002  P06;PTWY;19;FL3;KL3P;;7;70018;;;;;;
4901;KL37002  P06 ;PTWY;20;FL3;KL3P;;7;70019;;;;;;
4901;KL37002  P07;PTWY;21;FL3;KL3P;;7;70020;;;;;;
4901;KL37002  P07 ;PTWY;22;FL3;KL3P;;7;70021;;;;;;
4901;KL37003  A01;PTWY;23;FL3;KL3P;;7;70022;;;;;;
4901;KL37003  A02;PTWY;24;FL3;KL3P;;7;70023;;;;;;
4901;KL37003  A02 ;PTWY;25;FL3;KL3P;;7;70024;;;;;;
4901;KL37003  A03;PTWY;26;FL3;KL3P;;7;70025;;;;;;
4901;KL37004  A01;PTWY;27;FL3;KL3P;;7;70026;;;;;;
4901;KL37004  A02;PTWY;28;FL3;KL3P;;7;70027;;;;;;
4901;KL37004  A02 ;PTWY;29;FL3;KL3P;;7;70028;;;;;;
4901;KL37004  A03;PTWY;30;FL3;KL3P;;7;70029;;;;;;
4901;KL37005  A01;PTWY;31;FL3;KL3P;;7;70030;;;;;;
4901;KL37005  A02;PTWY;32;FL3;KL3P;;7;70031;;;;;;
4901;KL37005  A02 ;PTWY;33;FL3;KL3P;;7;70032;;;;;;
4901;KL37005  A03;PTWY;34;FL3;KL3P;;7;70033;;;;;;
4901;KL37006  A01;PTWY;35;FL3;KL3P;;7;70034;;;;;;
4901;KL37006  A01 ;PTWY;36;FL3;KL3P;;7;70035;;;;;;
4901;KL37006  A02;PTWY;37;FL3;KL3P;;7;70036;;;;;;
4901;KL37006  A02 ;PTWY;38;FL3;KL3P;;7;70037;;;;;;
4901;KL37006  A03;PTWY;39;FL3;KL3P;;7;70038;;;;;;
4901;KL37007  A01;PTWY;40;FL3;KL3P;;7;70039;;;;;;
4901;KL37007  A02;PTWY;41;FL3;KL3P;;7;70040;;;;;;
4901;KL37007  A03;PTWY;42;FL3;KL3P;;7;70041;;;;;;
4901;KL37007  A04;PTWY;43;FL3;KL3P;;7;70042;;;;;;
4901;KL37007  A05;PTWY;44;FL3;KL3P;;7;70043;;;;;;
4901;KL37007  A06;PTWY;45;FL3;KL3P;;7;70044;;;;;;
4901;KL37007  B01;PTWY;46;FL3;KL3P;;7;70045;;;;;;
4901;KL37007  B02;PTWY;47;FL3;KL3P;;7;70046;;;;;;
4901;KL37007  B03;PTWY;48;FL3;KL3P;;7;70047;;;;;;
4901;KL37007  B04;PTWY;49;FL3;KL3P;;7;70048;;;;;;
4901;KL37007  B05;PTWY;50;FL3;KL3P;;7;70049;;;;;;
4901;KL37007  C01;PTWY;51;FL3;KL3P;;7;70050;;;;;;
4901;KL37007  C02;PTWY;52;FL3;KL3P;;7;70051;;;;;;
4901;KL37007  C03;PTWY;53;FL3;KL3P;;7;70052;;;;;;
4901;KL37007  C04;PTWY;54;FL3;KL3P;;7;70053;;;;;;
4901;KL37007  C05;PTWY;55;FL3;KL3P;;7;70054;;;;;;
4901;KL37007  D01;PTWY;56;FL3;KL3P;;7;70055;;;;;;
4901;KL37007  D02;PTWY;57;FL3;KL3P;;7;70056;;;;;;
4901;KL37007  D03;PTWY;58;FL3;KL3P;;7;70057;;;;;;
4901;KL37007  D04;PTWY;59;FL3;KL3P;;7;70058;;;;;;
4901;KL37007  D05;PTWY;60;FL3;KL3P;;7;70059;;;;;;
4901;KL37008  A01;PTWY;61;FL3;KL3P;;7;70060;;;;;;
4901;KL37008  A02;PTWY;62;FL3;KL3P;;7;70061;;;;;;
4901;KL37008  A03;PTWY;63;FL3;KL3P;;7;70062;;;;;;
4901;KL37008  A04;PTWY;64;FL3;KL3P;;7;70063;;;;;;
4901;KL37008  A05;PTWY;65;FL3;KL3P;;7;70064;;;;;;
4901;KL37008  B01;PTWY;66;FL3;KL3P;;7;70065;;;;;;
4901;KL37008  B02;PTWY;67;FL3;KL3P;;7;70066;;;;;;
4901;KL37008  B03;PTWY;68;FL3;KL3P;;7;70067;;;;;;
4901;KL37008  B04;PTWY;69;FL3;KL3P;;7;70068;;;;;;
4901;KL37008  B05;PTWY;70;FL3;KL3P;;7;70069;;;;;;
4901;KL37008  B06;PTWY;71;FL3;KL3P;;7;70070;;;;;;
4901;KL37008  C01;PTWY;72;FL3;KL3P;;7;70071;;;;;;
4901;KL37008  C02;PTWY;73;FL3;KL3P;;7;70072;;;;;;
4901;KL37008  C03;PTWY;74;FL3;KL3P;;7;70073;;;;;;
4901;KL37008  C04;PTWY;75;FL3;KL3P;;7;70074;;;;;;
4901;KL37008  C05;PTWY;76;FL3;KL3P;;7;70075;;;;;;
4901;KL37008  C06;PTWY;77;FL3;KL3P;;7;70076;;;;;;
4901;KL37008  D01;PTWY;78;FL3;KL3P;;7;70077;;;;;;
4901;KL37008  D02;PTWY;79;FL3;KL3P;;7;70078;;;;;;
4901;KL37008  D03;PTWY;80;FL3;KL3P;;7;70079;;;;;;
4901;KL37008  D04;PTWY;81;FL3;KL3P;;7;70080;;;;;;
4901;KL37008  D05;PTWY;82;FL3;KL3P;;7;70081;;;;;;
4901;KL37008  D06;PTWY;83;FL3;KL3P;;7;70082;;;;;;
4901;KL37009  A01;PTWY;84;FL3;KL3P;;7;70083;;;;;;
4901;KL37009  A02;PTWY;85;FL3;KL3P;;7;70084;;;;;;
4901;KL37009  A03;PTWY;86;FL3;KL3P;;7;70085;;;;;;
4901;KL37009  A04;PTWY;87;FL3;KL3P;;7;70086;;;;;;
4901;KL37009  B01;PTWY;88;FL3;KL3P;;7;70087;;;;;;
4901;KL37009  B02;PTWY;89;FL3;KL3P;;7;70088;;;;;;
4901;KL37009  B03;PTWY;90;FL3;KL3P;;7;70089;;;;;;
4901;KL37009  B04;PTWY;91;FL3;KL3P;;7;70090;;;;;;
4901;KL37009  B05;PTWY;92;FL3;KL3P;;7;70091;;;;;;
4901;KL37009  C01;PTWY;93;FL3;KL3P;;7;70092;;;;;;
4901;KL37009  C02;PTWY;94;FL3;KL3P;;7;70093;;;;;;
4901;KL37009  C03;PTWY;95;FL3;KL3P;;7;70094;;;;;;
4901;KL37009  C04;PTWY;96;FL3;KL3P;;7;70095;;;;;;
4901;KL37009  C05;PTWY;97;FL3;KL3P;;7;70096;;;;;;
4901;KL37009  C06;PTWY;98;FL3;KL3P;;7;70097;;;;;;
4901;KL37009  C07;PTWY;99;FL3;KL3P;;7;70098;;;;;;
4901;KL37009  D01;PTWY;100;FL3;KL3P;;7;70099;;;;;;
4901;KL37009  D02;PTWY;101;FL3;KL3P;;7;70100;;;;;;
4901;KL37009  D03;PTWY;102;FL3;KL3P;;7;70101;;;;;;
4901;KL37009  D04;PTWY;103;FL3;KL3P;;7;70102;;;;;;
4901;KL37009  D05;PTWY;104;FL3;KL3P;;7;70103;;;;;;
4901;KL37009  D06;PTWY;105;FL3;KL3P;;7;70104;;;;;;
4901;KL37010  A01;PTWY;106;FL3;KL3P;;7;70105;;;;;;
4901;KL37010  A02;PTWY;107;FL3;KL3P;;7;70106;;;;;;
4901;KL37010  A03;PTWY;108;FL3;KL3P;;7;70107;;;;;;
4901;KL37010  A04;PTWY;109;FL3;KL3P;;7;70108;;;;;;
4901;KL37010  A05;PTWY;110;FL3;KL3P;;7;70109;;;;;;
4901;KL37010  B01;PTWY;111;FL3;KL3P;;7;70110;;;;;;
4901;KL37010  B02;PTWY;112;FL3;KL3P;;7;70111;;;;;;
4901;KL37010  B03;PTWY;113;FL3;KL3P;;7;70112;;;;;;
4901;KL37010  B04;PTWY;114;FL3;KL3P;;7;70113;;;;;;
4901;KL37010  B05;PTWY;115;FL3;KL3P;;7;70114;;;;;;
4901;KL37010  B06;PTWY;116;FL3;KL3P;;7;70115;;;;;;
4901;KL37010  C01;PTWY;117;FL3;KL3P;;7;70116;;;;;;
4901;KL37010  C02;PTWY;118;FL3;KL3P;;7;70117;;;;;;
4901;KL37010  C03;PTWY;119;FL3;KL3P;;7;70118;;;;;;
4901;KL37010  C04;PTWY;120;FL3;KL3P;;7;70119;;;;;;
4901;KL37010  C05;PTWY;121;FL3;KL3P;;7;70120;;;;;;
4901;KL37010  C06;PTWY;122;FL3;KL3P;;7;70121;;;;;;
4901;KL37010  D01;PTWY;123;FL3;KL3P;;7;70122;;;;;;
4901;KL37010  D02;PTWY;124;FL3;KL3P;;7;70123;;;;;;
4901;KL37010  D03;PTWY;125;FL3;KL3P;;7;70124;;;;;;
4901;KL37010  D04;PTWY;126;FL3;KL3P;;7;70125;;;;;;
4901;KL37011  A01;PTWY;127;FL3;KL3P;;7;70126;;;;;;
4901;KL37011  A02;PTWY;128;FL3;KL3P;;7;70127;;;;;;
4901;KL37011  A03;PTWY;129;FL3;KL3P;;7;70128;;;;;;
4901;KL37011  A04;PTWY;130;FL3;KL3P;;7;70129;;;;;;
4901;KL37011  B01;PTWY;131;FL3;KL3P;;7;70130;;;;;;
4901;KL37011  B02;PTWY;132;FL3;KL3P;;7;70131;;;;;;
4901;KL37011  B03;PTWY;133;FL3;KL3P;;7;70132;;;;;;
4901;KL37011  B04;PTWY;134;FL3;KL3P;;7;70133;;;;;;
4901;KL37011  C01;PTWY;135;FL3;KL3P;;7;70134;;;;;;
4901;KL37011  C02;PTWY;136;FL3;KL3P;;7;70135;;;;;;
4901;KL37011  C03;PTWY;137;FL3;KL3P;;7;70136;;;;;;
4901;KL37011  C04;PTWY;138;FL3;KL3P;;7;70137;;;;;;
4901;KL37011  C05;PTWY;139;FL3;KL3P;;7;70138;;;;;;
4901;KL37011  C06;PTWY;140;FL3;KL3P;;7;70139;;;;;;
4901;KL37011  D01;PTWY;141;FL3;KL3P;;7;70140;;;;;;
4901;KL37011  D02;PTWY;142;FL3;KL3P;;7;70141;;;;;;
4901;KL37011  D03;PTWY;143;FL3;KL3P;;7;70142;;;;;;
4901;KL37011  D04;PTWY;144;FL3;KL3P;;7;70143;;;;;;
4901;KL37011  D05;PTWY;145;FL3;KL3P;;7;70144;;;;;;
4901;KL37012  A01;PTWY;146;FL3;KL3P;;7;70145;;;;;;
4901;KL37012  A02;PTWY;147;FL3;KL3P;;7;70146;;;;;;
4901;KL37012  A03;PTWY;148;FL3;KL3P;;7;70147;;;;;;
4901;KL37012  A04;PTWY;149;FL3;KL3P;;7;70148;;;;;;
4901;KL37012  A05;PTWY;150;FL3;KL3P;;7;70149;;;;;;
4901;KL37012  B01;PTWY;151;FL3;KL3P;;7;70150;;;;;;
4901;KL37012  B02;PTWY;152;FL3;KL3P;;7;70151;;;;;;
4901;KL37012  B03;PTWY;153;FL3;KL3P;;7;70152;;;;;;
4901;KL37012  B04;PTWY;154;FL3;KL3P;;7;70153;;;;;;
4901;KL37012  B05;PTWY;155;FL3;KL3P;;7;70154;;;;;;
4901;KL37012  C01;PTWY;156;FL3;KL3P;;7;70155;;;;;;
4901;KL37012  C02;PTWY;157;FL3;KL3P;;7;70156;;;;;;
4901;KL37012  C03;PTWY;158;FL3;KL3P;;7;70157;;;;;;
4901;KL37012  C04;PTWY;159;FL3;KL3P;;7;70158;;;;;;
4901;KL37012  C05;PTWY;160;FL3;KL3P;;7;70159;;;;;;
4901;KL37012  D01;PTWY;161;FL3;KL3P;;7;70160;;;;;;
4901;KL37012  D02;PTWY;162;FL3;KL3P;;7;70161;;;;;;
4901;KL37012  D03;PTWY;163;FL3;KL3P;;7;70162;;;;;;
4901;KL37012  D04;PTWY;164;FL3;KL3P;;7;70163;;;;;;
4901;KL37012  D05;PTWY;165;FL3;KL3P;;7;70164;;;;;;
4901;KL37012  D06;PTWY;166;FL3;KL3P;;7;70165;;;;;;
4901;KL37013  A01;PTWY;167;FL3;KL3P;;7;70166;;;;;;
4901;KL37013  A02;PTWY;168;FL3;KL3P;;7;70167;;;;;;
4901;KL37013  A03;PTWY;169;FL3;KL3P;;7;70168;;;;;;
4901;KL37013  A04;PTWY;170;FL3;KL3P;;7;70169;;;;;;
4901;KL37013  A05;PTWY;171;FL3;KL3P;;7;70170;;;;;;
4901;KL37013  A06;PTWY;172;FL3;KL3P;;7;70171;;;;;;
4901;KL37013  B01;PTWY;173;FL3;KL3P;;7;70172;;;;;;
4901;KL37013  B02;PTWY;174;FL3;KL3P;;7;70173;;;;;;
4901;KL37013  B03;PTWY;175;FL3;KL3P;;7;70174;;;;;;
4901;KL37013  B04;PTWY;176;FL3;KL3P;;7;70175;;;;;;
4901;KL37013  B05;PTWY;177;FL3;KL3P;;7;70176;;;;;;
4901;KL37013  B06;PTWY;178;FL3;KL3P;;7;70177;;;;;;
4901;KL37013  B07;PTWY;179;FL3;KL3P;;7;70178;;;;;;
4901;KL37013  C01;PTWY;180;FL3;KL3P;;7;70179;;;;;;
4901;KL37013  C01 ;PTWY;181;FL3;KL3P;;7;70180;;;;;;
4901;KL37013  C02;PTWY;182;FL3;KL3P;;7;70181;;;;;;
4901;KL37013  C03;PTWY;183;FL3;KL3P;;7;70182;;;;;;
4901;KL37013  C04;PTWY;184;FL3;KL3P;;7;70183;;;;;;
4901;KL37013  C04 ;PTWY;185;FL3;KL3P;;7;70184;;;;;;
4901;KL37013  C05;PTWY;186;FL3;KL3P;;7;70185;;;;;;
4901;KL37013  C06;PTWY;187;FL3;KL3P;;7;70186;;;;;;
4901;KL37013  C07;PTWY;188;FL3;KL3P;;7;70187;;;;;;
4901;KL37013  D01;PTWY;189;FL3;KL3P;;7;70188;;;;;;
4901;KL37013  D02;PTWY;190;FL3;KL3P;;7;70189;;;;;;
4901;KL37013  D03;PTWY;191;FL3;KL3P;;7;70190;;;;;;
4901;KL37013  D04;PTWY;192;FL3;KL3P;;7;70191;;;;;;
4901;KL37013  D05;PTWY;193;FL3;KL3P;;7;70192;;;;;;
4901;KL37013  D06;PTWY;194;FL3;KL3P;;7;70193;;;;;;
4901;KL37013  D07;PTWY;195;FL3;KL3P;;7;70194;;;;;;
4901;KL37013  D08;PTWY;196;FL3;KL3P;;7;70195;;;;;;
4901;KL37014  A01;PTWY;197;FL3;KL3P;;7;70196;;;;;;
4901;KL37014  A02;PTWY;198;FL3;KL3P;;7;70197;;;;;;
4901;KL37014  A03;PTWY;199;FL3;KL3P;;7;70198;;;;;;
4901;KL37014  A04;PTWY;200;FL3;KL3P;;7;70199;;;;;;
4901;KL37014  A05;PTWY;201;FL3;KL3P;;7;70200;;;;;;
4901;KL37014  A06;PTWY;202;FL3;KL3P;;7;70201;;;;;;
4901;KL37014  A06 ;PTWY;203;FL3;KL3P;;7;70202;;;;;;
4901;KL37014  B01;PTWY;204;FL3;KL3P;;7;70203;;;;;;
4901;KL37014  B02;PTWY;205;FL3;KL3P;;7;70204;;;;;;
4901;KL37014  B03;PTWY;206;FL3;KL3P;;7;70205;;;;;;
4901;KL37014  B04;PTWY;207;FL3;KL3P;;7;70206;;;;;;
4901;KL37014  B05;PTWY;208;FL3;KL3P;;7;70207;;;;;;
4901;KL37014  B06;PTWY;209;FL3;KL3P;;7;70208;;;;;;
4901;KL37014  C01;PTWY;210;FL3;KL3P;;7;70209;;;;;;
4901;KL37014  C02;PTWY;211;FL3;KL3P;;7;70210;;;;;;
4901;KL37014  C03;PTWY;212;FL3;KL3P;;7;70211;;;;;;
4901;KL37014  C04;PTWY;213;FL3;KL3P;;7;70212;;;;;;
4901;KL37014  C05;PTWY;214;FL3;KL3P;;7;70213;;;;;;
4901;KL37014  C06;PTWY;215;FL3;KL3P;;7;70214;;;;;;
4901;KL37014  D01;PTWY;216;FL3;KL3P;;7;70215;;;;;;
4901;KL37014  D02;PTWY;217;FL3;KL3P;;7;70216;;;;;;
4901;KL37014  D03;PTWY;218;FL3;KL3P;;7;70217;;;;;;
4901;KL37014  D04;PTWY;219;FL3;KL3P;;7;70218;;;;;;
4901;KL37014  D05;PTWY;220;FL3;KL3P;;7;70219;;;;;;
4901;KL37014  D06;PTWY;221;FL3;KL3P;;7;70220;;;;;;
4901;KL37014  D07;PTWY;222;FL3;KL3P;;7;70221;;;;;;
4901;KL37015  A01;PTWY;223;FL3;KL3P;;7;70222;;;;;;
4901;KL37015  A02;PTWY;224;FL3;KL3P;;7;70223;;;;;;
4901;KL37015  A03;PTWY;225;FL3;KL3P;;7;70224;;;;;;
4901;KL37015  A04;PTWY;226;FL3;KL3P;;7;70225;;;;;;
4901;KL37015  A05;PTWY;227;FL3;KL3P;;7;70226;;;;;;
4901;KL37015  B01;PTWY;228;FL3;KL3P;;7;70227;;;;;;
4901;KL37015  B02;PTWY;229;FL3;KL3P;;7;70228;;;;;;
4901;KL37015  B03;PTWY;230;FL3;KL3P;;7;70229;;;;;;
4901;KL37015  B04;PTWY;231;FL3;KL3P;;7;70230;;;;;;
4901;KL37015  B05;PTWY;232;FL3;KL3P;;7;70231;;;;;;
4901;KL37015  B06;PTWY;233;FL3;KL3P;;7;70232;;;;;;
4901;KL37015  B07;PTWY;234;FL3;KL3P;;7;70233;;;;;;
4901;KL37015  C01;PTWY;235;FL3;KL3P;;7;70234;;;;;;
4901;KL37015  C02;PTWY;236;FL3;KL3P;;7;70235;;;;;;
4901;KL37015  C03;PTWY;237;FL3;KL3P;;7;70236;;;;;;
4901;KL37015  C04;PTWY;238;FL3;KL3P;;7;70237;;;;;;
4901;KL37015  C05;PTWY;239;FL3;KL3P;;7;70238;;;;;;
4901;KL37015  C06;PTWY;240;FL3;KL3P;;7;70239;;;;;;
4901;KL37015  C07;PTWY;241;FL3;KL3P;;7;70240;;;;;;
4901;KL37015  D01;PTWY;242;FL3;KL3P;;7;70241;;;;;;
4901;KL37015  D02;PTWY;243;FL3;KL3P;;7;70242;;;;;;
4901;KL37015  D03;PTWY;244;FL3;KL3P;;7;70243;;;;;;
4901;KL37015  D04;PTWY;245;FL3;KL3P;;7;70244;;;;;;
4901;KL37016  A01;PTWY;246;FL3;KL3P;;7;70245;;;;;;
4901;KL37016  A02;PTWY;247;FL3;KL3P;;7;70246;;;;;;
4901;KL37016  A03;PTWY;248;FL3;KL3P;;7;70247;;;;;;
4901;KL37016  A04;PTWY;249;FL3;KL3P;;7;70248;;;;;;
4901;KL37016  A05;PTWY;250;FL3;KL3P;;7;70249;;;;;;
4901;KL37016  A06;PTWY;251;FL3;KL3P;;7;70250;;;;;;
4901;KL37016  B01;PTWY;252;FL3;KL3P;;7;70251;;;;;;
4901;KL37016  B02;PTWY;253;FL3;KL3P;;7;70252;;;;;;
4901;KL37016  B03;PTWY;254;FL3;KL3P;;7;70253;;;;;;
4901;KL37016  B04;PTWY;255;FL3;KL3P;;7;70254;;;;;;
4901;KL37016  B05;PTWY;256;FL3;KL3P;;7;70255;;;;;;
4901;KL37016  B06;PTWY;257;FL3;KL3P;;7;70256;;;;;;
4901;KL37016  B07;PTWY;258;FL3;KL3P;;7;70257;;;;;;
4901;KL37016  B08;PTWY;259;FL3;KL3P;;7;70258;;;;;;
4901;KL37016  C01;PTWY;260;FL3;KL3P;;7;70259;;;;;;
4901;KL37016  C02;PTWY;261;FL3;KL3P;;7;70260;;;;;;
4901;KL37016  C03;PTWY;262;FL3;KL3P;;7;70261;;;;;;
4901;KL37016  C04;PTWY;263;FL3;KL3P;;7;70262;;;;;;
4901;KL37016  C05;PTWY;264;FL3;KL3P;;7;70263;;;;;;
4901;KL37016  C06;PTWY;265;FL3;KL3P;;7;70264;;;;;;
4901;KL37016  D01;PTWY;266;FL3;KL3P;;7;70265;;;;;;
4901;KL37016  D02;PTWY;267;FL3;KL3P;;7;70266;;;;;;
4901;KL37016  D03;PTWY;268;FL3;KL3P;;7;70267;;;;;;
4901;KL37016  D04;PTWY;269;FL3;KL3P;;7;70268;;;;;;
4901;KL37016  D05;PTWY;270;FL3;KL3P;;7;70269;;;;;;
4901;KL37016  D06;PTWY;271;FL3;KL3P;;7;70270;;;;;;
4901;KL37016  D07;PTWY;272;FL3;KL3P;;7;70271;;;;;;
4901;KL37016  D08;PTWY;273;FL3;KL3P;;7;70272;;;;;;
4901;KL37017  A01;PTWY;274;FL3;KL3P;;7;70273;;;;;;
4901;KL37017  A02;PTWY;275;FL3;KL3P;;7;70274;;;;;;
4901;KL37017  A03;PTWY;276;FL3;KL3P;;7;70275;;;;;;
4901;KL37017  A04;PTWY;277;FL3;KL3P;;7;70276;;;;;;
4901;KL37017  A05;PTWY;278;FL3;KL3P;;7;70277;;;;;;
4901;KL37017  A06;PTWY;279;FL3;KL3P;;7;70278;;;;;;
4901;KL37017  A07;PTWY;280;FL3;KL3P;;7;70279;;;;;;
4901;KL37017  B01;PTWY;281;FL3;KL3P;;7;70280;;;;;;
4901;KL37017  B02;PTWY;282;FL3;KL3P;;7;70281;;;;;;
4901;KL37017  B03;PTWY;283;FL3;KL3P;;7;70282;;;;;;
4901;KL37017  B04;PTWY;284;FL3;KL3P;;7;70283;;;;;;
4901;KL37017  C01;PTWY;285;FL3;KL3P;;7;70284;;;;;;
4901;KL37017  C02;PTWY;286;FL3;KL3P;;7;70285;;;;;;
4901;KL37017  C03;PTWY;287;FL3;KL3P;;7;70286;;;;;;
4901;KL37017  C04;PTWY;288;FL3;KL3P;;7;70287;;;;;;
4901;KL37017  D01;PTWY;289;FL3;KL3P;;7;70288;;;;;;
4901;KL37017  D02;PTWY;290;FL3;KL3P;;7;70289;;;;;;
4901;KL37017  D03;PTWY;291;FL3;KL3P;;7;70290;;;;;;
4901;KL37017  D04;PTWY;292;FL3;KL3P;;7;70291;;;;;;
4901;KL37017  D05;PTWY;293;FL3;KL3P;;7;70292;;;;;;
4901;KL37018  A01;PTWY;294;FL3;KL3P;;7;70293;;;;;;
4901;KL37018  A02;PTWY;295;FL3;KL3P;;7;70294;;;;;;
4901;KL37018  A03;PTWY;296;FL3;KL3P;;7;70295;;;;;;
4901;KL37018  A04;PTWY;297;FL3;KL3P;;7;70296;;;;;;
4901;KL37018  A05;PTWY;298;FL3;KL3P;;7;70297;;;;;;
4901;KL37018  B01;PTWY;299;FL3;KL3P;;7;70298;;;;;;
4901;KL37018  B02;PTWY;300;FL3;KL3P;;7;70299;;;;;;
4901;KL37018  B03;PTWY;301;FL3;KL3P;;7;70300;;;;;;
4901;KL37018  B04;PTWY;302;FL3;KL3P;;7;70301;;;;;;
4901;KL37018  B05;PTWY;303;FL3;KL3P;;7;70302;;;;;;
4901;KL37018  C01;PTWY;304;FL3;KL3P;;7;70303;;;;;;
4901;KL37018  C02;PTWY;305;FL3;KL3P;;7;70304;;;;;;
4901;KL37018  C03;PTWY;306;FL3;KL3P;;7;70305;;;;;;
4901;KL37018  C04;PTWY;307;FL3;KL3P;;7;70306;;;;;;
4901;KL37018  C05;PTWY;308;FL3;KL3P;;7;70307;;;;;;
4901;KL37018  C06;PTWY;309;FL3;KL3P;;7;70308;;;;;;
4901;KL37018  C07;PTWY;310;FL3;KL3P;;7;70309;;;;;;
4901;KL37018  D01;PTWY;311;FL3;KL3P;;7;70310;;;;;;
4901;KL37018  D02;PTWY;312;FL3;KL3P;;7;70311;;;;;;
4901;KL37018  D03;PTWY;313;FL3;KL3P;;7;70312;;;;;;
4901;KL37018  D04;PTWY;314;FL3;KL3P;;7;70313;;;;;;
4901;KL37018  D05;PTWY;315;FL3;KL3P;;7;70314;;;;;;
4901;KL37018  D06;PTWY;316;FL3;KL3P;;7;70315;;;;;;
4901;KL37019  A01;PTWY;317;FL3;KL3P;;7;70316;;;;;;
4901;KL37019  A02;PTWY;318;FL3;KL3P;;7;70317;;;;;;
4901;KL37019  A03;PTWY;319;FL3;KL3P;;7;70318;;;;;;
4901;KL37019  A04;PTWY;320;FL3;KL3P;;7;70319;;;;;;
4901;KL37019  A05;PTWY;321;FL3;KL3P;;7;70320;;;;;;
4901;KL37019  B01;PTWY;322;FL3;KL3P;;7;70321;;;;;;
4901;KL37019  B02;PTWY;323;FL3;KL3P;;7;70322;;;;;;
4901;KL37019  B03;PTWY;324;FL3;KL3P;;7;70323;;;;;;
4901;KL37019  B04;PTWY;325;FL3;KL3P;;7;70324;;;;;;
4901;KL37019  B05;PTWY;326;FL3;KL3P;;7;70325;;;;;;
4901;KL37019  C01;PTWY;327;FL3;KL3P;;7;70326;;;;;;
4901;KL37019  C02;PTWY;328;FL3;KL3P;;7;70327;;;;;;
4901;KL37019  C03;PTWY;329;FL3;KL3P;;7;70328;;;;;;
4901;KL37019  C04;PTWY;330;FL3;KL3P;;7;70329;;;;;;
4901;KL37019  C05;PTWY;331;FL3;KL3P;;7;70330;;;;;;
4901;KL37019  C06;PTWY;332;FL3;KL3P;;7;70331;;;;;;
4901;KL37019  C07;PTWY;333;FL3;KL3P;;7;70332;;;;;;
4901;KL37019  D01;PTWY;334;FL3;KL3P;;7;70333;;;;;;
4901;KL37019  D02;PTWY;335;FL3;KL3P;;7;70334;;;;;;
4901;KL37019  D03;PTWY;336;FL3;KL3P;;7;70335;;;;;;
4901;KL37019  D04;PTWY;337;FL3;KL3P;;7;70336;;;;;;
4901;KL37020  A01;PTWY;338;FL3;KL3P;;7;70337;;;;;;
4901;KL37020  A02;PTWY;339;FL3;KL3P;;7;70338;;;;;;
4901;KL37020  A03;PTWY;340;FL3;KL3P;;7;70339;;;;;;
4901;KL37020  A04;PTWY;341;FL3;KL3P;;7;70340;;;;;;
4901;KL37020  A05;PTWY;342;FL3;KL3P;;7;70341;;;;;;
4901;KL37020  A06;PTWY;343;FL3;KL3P;;7;70342;;;;;;
4901;KL37020  A07;PTWY;344;FL3;KL3P;;7;70343;;;;;;
4901;KL37020  B01;PTWY;345;FL3;KL3P;;7;70344;;;;;;
4901;KL37020  B02;PTWY;346;FL3;KL3P;;7;70345;;;;;;
4901;KL37020  B03;PTWY;347;FL3;KL3P;;7;70346;;;;;;
4901;KL37020  B04;PTWY;348;FL3;KL3P;;7;70347;;;;;;
4901;KL37020  B05;PTWY;349;FL3;KL3P;;7;70348;;;;;;
4901;KL37020  B06;PTWY;350;FL3;KL3P;;7;70349;;;;;;
4901;KL37020  B07;PTWY;351;FL3;KL3P;;7;70350;;;;;;
4901;KL37020  C01;PTWY;352;FL3;KL3P;;7;70351;;;;;;
4901;KL37020  C02;PTWY;353;FL3;KL3P;;7;70352;;;;;;
4901;KL37020  C03;PTWY;354;FL3;KL3P;;7;70353;;;;;;
4901;KL37020  C04;PTWY;355;FL3;KL3P;;7;70354;;;;;;
4901;KL37020  C05;PTWY;356;FL3;KL3P;;7;70355;;;;;;
4901;KL37020  C06;PTWY;357;FL3;KL3P;;7;70356;;;;;;
4901;KL37020  C07;PTWY;358;FL3;KL3P;;7;70357;;;;;;
4901;KL37020  C08;PTWY;359;FL3;KL3P;;7;70358;;;;;;
4901;KL37020  D01;PTWY;360;FL3;KL3P;;7;70359;;;;;;
4901;KL37020  D02;PTWY;361;FL3;KL3P;;7;70360;;;;;;
4901;KL37020  D03;PTWY;362;FL3;KL3P;;7;70361;;;;;;
4901;KL37020  D04;PTWY;363;FL3;KL3P;;7;70362;;;;;;
4901;KL37020  D05;PTWY;364;FL3;KL3P;;7;70363;;;;;;
4901;KL37020  D06;PTWY;365;FL3;KL3P;;7;70364;;;;;;
4901;KL37020  D07;PTWY;366;FL3;KL3P;;7;70365;;;;;;
4901;KL37020  D08;PTWY;367;FL3;KL3P;;7;70366;;;;;;
4901;KL37021  A01;PTWY;368;FL3;KL3P;;7;70367;;;;;;
4901;KL37021  A02;PTWY;369;FL3;KL3P;;7;70368;;;;;;
4901;KL37021  A03;PTWY;370;FL3;KL3P;;7;70369;;;;;;
4901;KL37021  A04;PTWY;371;FL3;KL3P;;7;70370;;;;;;
4901;KL37021  B01;PTWY;372;FL3;KL3P;;7;70371;;;;;;
4901;KL37021  B02;PTWY;373;FL3;KL3P;;7;70372;;;;;;
4901;KL37021  B03;PTWY;374;FL3;KL3P;;7;70373;;;;;;
4901;KL37021  B04;PTWY;375;FL3;KL3P;;7;70374;;;;;;
4901;KL37021  C01;PTWY;376;FL3;KL3P;;7;70375;;;;;;
4901;KL37021  C02;PTWY;377;FL3;KL3P;;7;70376;;;;;;
4901;KL37021  C03;PTWY;378;FL3;KL3P;;7;70377;;;;;;
4901;KL37021  C04;PTWY;379;FL3;KL3P;;7;70378;;;;;;
4901;KL37021  C05;PTWY;380;FL3;KL3P;;7;70379;;;;;;
4901;KL37021  C06;PTWY;381;FL3;KL3P;;7;70380;;;;;;
4901;KL37021  D01;PTWY;382;FL3;KL3P;;7;70381;;;;;;
4901;KL37021  D02;PTWY;383;FL3;KL3P;;7;70382;;;;;;
4901;KL37021  D03;PTWY;384;FL3;KL3P;;7;70383;;;;;;
4901;KL37021  D04;PTWY;385;FL3;KL3P;;7;70384;;;;;;
4901;KL37022  A01;PTWY;386;FL3;KL3P;;7;70385;;;;;;
4901;KL37022  A02;PTWY;387;FL3;KL3P;;7;70386;;;;;;
4901;KL37022  A03;PTWY;388;FL3;KL3P;;7;70387;;;;;;
4901;KL37022  A04;PTWY;389;FL3;KL3P;;7;70388;;;;;;
4901;KL37022  B01;PTWY;390;FL3;KL3P;;7;70389;;;;;;
4901;KL37022  B02;PTWY;391;FL3;KL3P;;7;70390;;;;;;
4901;KL37022  B03;PTWY;392;FL3;KL3P;;7;70391;;;;;;
4901;KL37022  B04;PTWY;393;FL3;KL3P;;7;70392;;;;;;
4901;KL37022  C01;PTWY;394;FL3;KL3P;;7;70393;;;;;;
4901;KL37022  C02;PTWY;395;FL3;KL3P;;7;70394;;;;;;
4901;KL37022  C03;PTWY;396;FL3;KL3P;;7;70395;;;;;;
4901;KL37022  C04;PTWY;397;FL3;KL3P;;7;70396;;;;;;
4901;KL37022  C05;PTWY;398;FL3;KL3P;;7;70397;;;;;;
4901;KL37022  D01;PTWY;399;FL3;KL3P;;7;70398;;;;;;
4901;KL37022  D02;PTWY;400;FL3;KL3P;;7;70399;;;;;;
4901;KL37022  D03;PTWY;401;FL3;KL3P;;7;70400;;;;;;
4901;KL37022  D04;PTWY;402;FL3;KL3P;;7;70401;;;;;;
4901;KL37023  A01;PTWY;403;FL3;KL3P;;7;70402;;;;;;
4901;KL37023  A02;PTWY;404;FL3;KL3P;;7;70403;;;;;;
4901;KL37023  A03;PTWY;405;FL3;KL3P;;7;70404;;;;;;
4901;KL37023  A04;PTWY;406;FL3;KL3P;;7;70405;;;;;;
4901;KL37023  A05;PTWY;407;FL3;KL3P;;7;70406;;;;;;
4901;KL37023  A06;PTWY;408;FL3;KL3P;;7;70407;;;;;;
4901;KL37023  A07;PTWY;409;FL3;KL3P;;7;70408;;;;;;
4901;KL37023  B01;PTWY;410;FL3;KL3P;;7;70409;;;;;;
4901;KL37023  B02;PTWY;411;FL3;KL3P;;7;70410;;;;;;
4901;KL37023  B03;PTWY;412;FL3;KL3P;;7;70411;;;;;;
4901;KL37023  B04;PTWY;413;FL3;KL3P;;7;70412;;;;;;
4901;KL37023  B05;PTWY;414;FL3;KL3P;;7;70413;;;;;;
4901;KL37023  C01;PTWY;415;FL3;KL3P;;7;70414;;;;;;
4901;KL37023  C02;PTWY;416;FL3;KL3P;;7;70415;;;;;;
4901;KL37023  C03;PTWY;417;FL3;KL3P;;7;70416;;;;;;
4901;KL37023  C04;PTWY;418;FL3;KL3P;;7;70417;;;;;;
4901;KL37023  C05;PTWY;419;FL3;KL3P;;7;70418;;;;;;
4901;KL37023  C06;PTWY;420;FL3;KL3P;;7;70419;;;;;;
4901;KL37023  D01;PTWY;421;FL3;KL3P;;7;70420;;;;;;
4901;KL37023  D02;PTWY;422;FL3;KL3P;;7;70421;;;;;;
4901;KL37023  D03;PTWY;423;FL3;KL3P;;7;70422;;;;;;
4901;KL37023  D04;PTWY;424;FL3;KL3P;;7;70423;;;;;;
4901;KL37023  D05;PTWY;425;FL3;KL3P;;7;70424;;;;;;
4901;KL37023  D06;PTWY;426;FL3;KL3P;;7;70425;;;;;;
4901;KL37024  A01;PTWY;427;FL3;KL3P;;7;70426;;;;;;
4901;KL37024  A02;PTWY;428;FL3;KL3P;;7;70427;;;;;;
4901;KL37024  A03;PTWY;429;FL3;KL3P;;7;70428;;;;;;
4901;KL37024  A04;PTWY;430;FL3;KL3P;;7;70429;;;;;;
4901;KL37024  A05;PTWY;431;FL3;KL3P;;7;70430;;;;;;
4901;KL37024  A06;PTWY;432;FL3;KL3P;;7;70431;;;;;;
4901;KL37024  A07;PTWY;433;FL3;KL3P;;7;70432;;;;;;
4901;KL37024  B01;PTWY;434;FL3;KL3P;;7;70433;;;;;;
4901;KL37024  B02;PTWY;435;FL3;KL3P;;7;70434;;;;;;
4901;KL37024  B03;PTWY;436;FL3;KL3P;;7;70435;;;;;;
4901;KL37024  B04;PTWY;437;FL3;KL3P;;7;70436;;;;;;
4901;KL37024  B05;PTWY;438;FL3;KL3P;;7;70437;;;;;;
4901;KL37024  C01;PTWY;439;FL3;KL3P;;7;70438;;;;;;
4901;KL37024  C02;PTWY;440;FL3;KL3P;;7;70439;;;;;;
4901;KL37024  C03;PTWY;441;FL3;KL3P;;7;70440;;;;;;
4901;KL37024  C04;PTWY;442;FL3;KL3P;;7;70441;;;;;;
4901;KL37024  C05;PTWY;443;FL3;KL3P;;7;70442;;;;;;
4901;KL37024  D01;PTWY;444;FL3;KL3P;;7;70443;;;;;;
4901;KL37024  D02;PTWY;445;FL3;KL3P;;7;70444;;;;;;
4901;KL37024  D03;PTWY;446;FL3;KL3P;;7;70445;;;;;;
4901;KL37024  D04;PTWY;447;FL3;KL3P;;7;70446;;;;;;
4901;KL37024  D05;PTWY;448;FL3;KL3P;;7;70447;;;;;;
4901;KL37024  D06;PTWY;449;FL3;KL3P;;7;70448;;;;;;
4901;KL37025  A01;PTWY;450;FL3;KL3P;;7;70449;;;;;;
4901;KL37025  A02;PTWY;451;FL3;KL3P;;7;70450;;;;;;
4901;KL37025  A03;PTWY;452;FL3;KL3P;;7;70451;;;;;;
4901;KL37025  A04;PTWY;453;FL3;KL3P;;7;70452;;;;;;
4901;KL37025  A05;PTWY;454;FL3;KL3P;;7;70453;;;;;;
4901;KL37025  A06;PTWY;455;FL3;KL3P;;7;70454;;;;;;
4901;KL37025  A07;PTWY;456;FL3;KL3P;;7;70455;;;;;;
4901;KL37025  A08;PTWY;457;FL3;KL3P;;7;70456;;;;;;
4901;KL37025  A09;PTWY;458;FL3;KL3P;;7;70457;;;;;;
4901;KL37025  B01;PTWY;459;FL3;KL3P;;7;70458;;;;;;
4901;KL37025  B02;PTWY;460;FL3;KL3P;;7;70459;;;;;;
4901;KL37025  B03;PTWY;461;FL3;KL3P;;7;70460;;;;;;
4901;KL37025  B04;PTWY;462;FL3;KL3P;;7;70461;;;;;;
4901;KL37025  B05;PTWY;463;FL3;KL3P;;7;70462;;;;;;
4901;KL37025  B06;PTWY;464;FL3;KL3P;;7;70463;;;;;;
4901;KL37025  C01;PTWY;465;FL3;KL3P;;7;70464;;;;;;
4901;KL37025  C02;PTWY;466;FL3;KL3P;;7;70465;;;;;;
4901;KL37025  C03;PTWY;467;FL3;KL3P;;7;70466;;;;;;
4901;KL37025  C04;PTWY;468;FL3;KL3P;;7;70467;;;;;;
4901;KL37025  C05;PTWY;469;FL3;KL3P;;7;70468;;;;;;
4901;KL37025  C06;PTWY;470;FL3;KL3P;;7;70469;;;;;;
4901;KL37025  D01;PTWY;471;FL3;KL3P;;7;70470;;;;;;
4901;KL37025  D02;PTWY;472;FL3;KL3P;;7;70471;;;;;;
4901;KL37025  D03;PTWY;473;FL3;KL3P;;7;70472;;;;;;
4901;KL37025  D04;PTWY;474;FL3;KL3P;;7;70473;;;;;;
4901;KL37025  D05;PTWY;475;FL3;KL3P;;7;70474;;;;;;
4901;KL37025  D06;PTWY;476;FL3;KL3P;;7;70475;;;;;;
4901;KL37026  A01;PTWY;477;FL3;KL3P;;7;70476;;;;;;
4901;KL37026  A02;PTWY;478;FL3;KL3P;;7;70477;;;;;;
4901;KL37026  A03;PTWY;479;FL3;KL3P;;7;70478;;;;;;
4901;KL37026  A04;PTWY;480;FL3;KL3P;;7;70479;;;;;;
4901;KL37026  A05;PTWY;481;FL3;KL3P;;7;70480;;;;;;
4901;KL37026  A06;PTWY;482;FL3;KL3P;;7;70481;;;;;;
4901;KL37026  A07;PTWY;483;FL3;KL3P;;7;70482;;;;;;
4901;KL37026  A08;PTWY;484;FL3;KL3P;;7;70483;;;;;;
4901;KL37026  A09;PTWY;485;FL3;KL3P;;7;70484;;;;;;
4901;KL37026  B01;PTWY;486;FL3;KL3P;;7;70485;;;;;;
4901;KL37026  B02;PTWY;487;FL3;KL3P;;7;70486;;;;;;
4901;KL37026  B03;PTWY;488;FL3;KL3P;;7;70487;;;;;;
4901;KL37026  B04;PTWY;489;FL3;KL3P;;7;70488;;;;;;
4901;KL37026  B05;PTWY;490;FL3;KL3P;;7;70489;;;;;;
4901;KL37026  B06;PTWY;491;FL3;KL3P;;7;70490;;;;;;
4901;KL37026  C01;PTWY;492;FL3;KL3P;;7;70491;;;;;;
4901;KL37026  C02;PTWY;493;FL3;KL3P;;7;70492;;;;;;
4901;KL37026  C03;PTWY;494;FL3;KL3P;;7;70493;;;;;;
4901;KL37026  C04;PTWY;495;FL3;KL3P;;7;70494;;;;;;
4901;KL37026  C05;PTWY;496;FL3;KL3P;;7;70495;;;;;;
4901;KL37026  C06;PTWY;497;FL3;KL3P;;7;70496;;;;;;
4901;KL37026  D01;PTWY;498;FL3;KL3P;;7;70497;;;;;;
4901;KL37026  D02;PTWY;499;FL3;KL3P;;7;70498;;;;;;
4901;KL37026  D03;PTWY;500;FL3;KL3P;;7;70499;;;;;;
4901;KL37026  D04;PTWY;501;FL3;KL3P;;7;70500;;;;;;
4901;KL37026  D05;PTWY;502;FL3;KL3P;;7;70501;;;;;;
4901;KL37026  D06;PTWY;503;FL3;KL3P;;7;70502;;;;;;
4901;KL37027  A01;PTWY;504;FL3;KL3P;;7;70503;;;;;;
4901;KL37027  A02;PTWY;505;FL3;KL3P;;7;70504;;;;;;
4901;KL37027  A03;PTWY;506;FL3;KL3P;;7;70505;;;;;;
4901;KL37027  A04;PTWY;507;FL3;KL3P;;7;70506;;;;;;
4901;KL37027  A05;PTWY;508;FL3;KL3P;;7;70507;;;;;;
4901;KL37027  A06;PTWY;509;FL3;KL3P;;7;70508;;;;;;
4901;KL37027  A07;PTWY;510;FL3;KL3P;;7;70509;;;;;;
4901;KL37027  A08;PTWY;511;FL3;KL3P;;7;70510;;;;;;
4901;KL37027  B01;PTWY;512;FL3;KL3P;;7;70511;;;;;;
4901;KL37027  B02;PTWY;513;FL3;KL3P;;7;70512;;;;;;
4901;KL37027  B03;PTWY;514;FL3;KL3P;;7;70513;;;;;;
4901;KL37027  B04;PTWY;515;FL3;KL3P;;7;70514;;;;;;
4901;KL37027  B05;PTWY;516;FL3;KL3P;;7;70515;;;;;;
4901;KL37027  B06;PTWY;517;FL3;KL3P;;7;70516;;;;;;
4901;KL37027  C01;PTWY;518;FL3;KL3P;;7;70517;;;;;;
4901;KL37027  C02;PTWY;519;FL3;KL3P;;7;70518;;;;;;
4901;KL37027  C03;PTWY;520;FL3;KL3P;;7;70519;;;;;;
4901;KL37027  C04;PTWY;521;FL3;KL3P;;7;70520;;;;;;
4901;KL37027  C05;PTWY;522;FL3;KL3P;;7;70521;;;;;;
4901;KL37027  D01;PTWY;523;FL3;KL3P;;7;70522;;;;;;
4901;KL37027  D02;PTWY;524;FL3;KL3P;;7;70523;;;;;;
4901;KL37027  D03;PTWY;525;FL3;KL3P;;7;70524;;;;;;
4901;KL37027  D04;PTWY;526;FL3;KL3P;;7;70525;;;;;;
4901;KL37027  D05;PTWY;527;FL3;KL3P;;7;70526;;;;;;
4901;KL37027  D06;PTWY;528;FL3;KL3P;;7;70527;;;;;;
4901;KL37028  A01;PTWY;529;FL3;KL3P;;7;70528;;;;;;
4901;KL37028  A02;PTWY;530;FL3;KL3P;;7;70529;;;;;;
4901;KL37028  A03;PTWY;531;FL3;KL3P;;7;70530;;;;;;
4901;KL37028  A04;PTWY;532;FL3;KL3P;;7;70531;;;;;;
4901;KL37028  A05;PTWY;533;FL3;KL3P;;7;70532;;;;;;
4901;KL37028  A06;PTWY;534;FL3;KL3P;;7;70533;;;;;;
4901;KL37028  A07;PTWY;535;FL3;KL3P;;7;70534;;;;;;
4901;KL37028  A08;PTWY;536;FL3;KL3P;;7;70535;;;;;;
4901;KL37028  B01;PTWY;537;FL3;KL3P;;7;70536;;;;;;
4901;KL37028  B02;PTWY;538;FL3;KL3P;;7;70537;;;;;;
4901;KL37028  B03;PTWY;539;FL3;KL3P;;7;70538;;;;;;
4901;KL37028  B04;PTWY;540;FL3;KL3P;;7;70539;;;;;;
4901;KL37028  B05;PTWY;541;FL3;KL3P;;7;70540;;;;;;
4901;KL37028  B06;PTWY;542;FL3;KL3P;;7;70541;;;;;;
4901;KL37028  B07;PTWY;543;FL3;KL3P;;7;70542;;;;;;
4901;KL37028  B08;PTWY;544;FL3;KL3P;;7;70543;;;;;;
4901;KL37028  C01;PTWY;545;FL3;KL3P;;7;70544;;;;;;
4901;KL37028  C02;PTWY;546;FL3;KL3P;;7;70545;;;;;;
4901;KL37028  C03;PTWY;547;FL3;KL3P;;7;70546;;;;;;
4901;KL37028  C04;PTWY;548;FL3;KL3P;;7;70547;;;;;;
4901;KL37028  C05;PTWY;549;FL3;KL3P;;7;70548;;;;;;
4901;KL37028  C06;PTWY;550;FL3;KL3P;;7;70549;;;;;;
4901;KL37028  C07;PTWY;551;FL3;KL3P;;7;70550;;;;;;
4901;KL37028  C08;PTWY;552;FL3;KL3P;;7;70551;;;;;;
4901;KL37028  D01;PTWY;553;FL3;KL3P;;7;70552;;;;;;
4901;KL37028  D02;PTWY;554;FL3;KL3P;;7;70553;;;;;;
4901;KL37028  D03;PTWY;555;FL3;KL3P;;7;70554;;;;;;
4901;KL37028  D04;PTWY;556;FL3;KL3P;;7;70555;;;;;;
4901;KL37028  D05;PTWY;557;FL3;KL3P;;7;70556;;;;;;
4901;KL37028  D06;PTWY;558;FL3;KL3P;;7;70557;;;;;;
4901;KL37028  D07;PTWY;559;FL3;KL3P;;7;70558;;;;;;
4901;KL37028  D08;PTWY;560;FL3;KL3P;;7;70559;;;;;;
4901;KL37028  D09;PTWY;561;FL3;KL3P;;7;70560;;;;;;
4901;KL37028  D10;PTWY;562;FL3;KL3P;;7;70561;;;;;;
4901;KL37029  A01;PTWY;563;FL3;KL3P;;7;70562;;;;;;
4901;KL37029  A02;PTWY;564;FL3;KL3P;;7;70563;;;;;;
4901;KL37029  A03;PTWY;565;FL3;KL3P;;7;70564;;;;;;
4901;KL37029  A04;PTWY;566;FL3;KL3P;;7;70565;;;;;;
4901;KL37029  A05;PTWY;567;FL3;KL3P;;7;70566;;;;;;
4901;KL37029  A06;PTWY;568;FL3;KL3P;;7;70567;;;;;;
4901;KL37029  A07;PTWY;569;FL3;KL3P;;7;70568;;;;;;
4901;KL37029  A08;PTWY;570;FL3;KL3P;;7;70569;;;;;;
4901;KL37029  A09;PTWY;571;FL3;KL3P;;7;70570;;;;;;
4901;KL37029  B01;PTWY;572;FL3;KL3P;;7;70571;;;;;;
4901;KL37029  B02;PTWY;573;FL3;KL3P;;7;70572;;;;;;
4901;KL37029  B03;PTWY;574;FL3;KL3P;;7;70573;;;;;;
4901;KL37029  B04;PTWY;575;FL3;KL3P;;7;70574;;;;;;
4901;KL37029  B05;PTWY;576;FL3;KL3P;;7;70575;;;;;;
4901;KL37029  B06;PTWY;577;FL3;KL3P;;7;70576;;;;;;
4901;KL37029  B07;PTWY;578;FL3;KL3P;;7;70577;;;;;;
4901;KL37029  B08;PTWY;579;FL3;KL3P;;7;70578;;;;;;
4901;KL37029  B09;PTWY;580;FL3;KL3P;;7;70579;;;;;;
4901;KL37029  B10;PTWY;581;FL3;KL3P;;7;70580;;;;;;
4901;KL37029  C01;PTWY;582;FL3;KL3P;;7;70581;;;;;;
4901;KL37029  C02;PTWY;583;FL3;KL3P;;7;70582;;;;;;
4901;KL37029  C03;PTWY;584;FL3;KL3P;;7;70583;;;;;;
4901;KL37029  C04;PTWY;585;FL3;KL3P;;7;70584;;;;;;
4901;KL37029  C05;PTWY;586;FL3;KL3P;;7;70585;;;;;;
4901;KL37029  C06;PTWY;587;FL3;KL3P;;7;70586;;;;;;
4901;KL37029  C07;PTWY;588;FL3;KL3P;;7;70587;;;;;;
4901;KL37029  C08;PTWY;589;FL3;KL3P;;7;70588;;;;;;
4901;KL37029  C09;PTWY;590;FL3;KL3P;;7;70589;;;;;;
4901;KL37029  C10;PTWY;591;FL3;KL3P;;7;70590;;;;;;
4901;KL37029  D01;PTWY;592;FL3;KL3P;;7;70591;;;;;;
4901;KL37029  D02;PTWY;593;FL3;KL3P;;7;70592;;;;;;
4901;KL37029  D03;PTWY;594;FL3;KL3P;;7;70593;;;;;;
4901;KL37029  D04;PTWY;595;FL3;KL3P;;7;70594;;;;;;
4901;KL37029  D05;PTWY;596;FL3;KL3P;;7;70595;;;;;;
4901;KL37029  D06;PTWY;597;FL3;KL3P;;7;70596;;;;;;
4901;KL37029  D07;PTWY;598;FL3;KL3P;;7;70597;;;;;;
4901;KL37029  D08;PTWY;599;FL3;KL3P;;7;70598;;;;;;
4901;KL37029  D09;PTWY;600;FL3;KL3P;;7;70599;;;;;;
4901;KL37030  A01;PTWY;601;FL3;KL3P;;7;70600;;;;;;
4901;KL37030  A02;PTWY;602;FL3;KL3P;;7;70601;;;;;;
4901;KL37030  A03;PTWY;603;FL3;KL3P;;7;70602;;;;;;
4901;KL37030  A04;PTWY;604;FL3;KL3P;;7;70603;;;;;;
4901;KL37030  A05;PTWY;605;FL3;KL3P;;7;70604;;;;;;
4901;KL37030  A06;PTWY;606;FL3;KL3P;;7;70605;;;;;;
4901;KL37030  A06 ;PTWY;607;FL3;KL3P;;7;70606;;;;;;
4901;KL37030  A07;PTWY;608;FL3;KL3P;;7;70607;;;;;;
4901;KL37030  A08;PTWY;609;FL3;KL3P;;7;70608;;;;;;
4901;KL37030  A09;PTWY;610;FL3;KL3P;;7;70609;;;;;;
4901;KL37030  A10;PTWY;611;FL3;KL3P;;7;70610;;;;;;
4901;KL37030  B01;PTWY;612;FL3;KL3P;;7;70611;;;;;;
4901;KL37030  B02;PTWY;613;FL3;KL3P;;7;70612;;;;;;
4901;KL37030  B03;PTWY;614;FL3;KL3P;;7;70613;;;;;;
4901;KL37030  B04;PTWY;615;FL3;KL3P;;7;70614;;;;;;
4901;KL37030  B05;PTWY;616;FL3;KL3P;;7;70615;;;;;;
4901;KL37030  B06;PTWY;617;FL3;KL3P;;7;70616;;;;;;
4901;KL37030  B07;PTWY;618;FL3;KL3P;;7;70617;;;;;;
4901;KL37030  B08;PTWY;619;FL3;KL3P;;7;70618;;;;;;
4901;KL37030  B09;PTWY;620;FL3;KL3P;;7;70619;;;;;;
4901;KL37030  B10;PTWY;621;FL3;KL3P;;7;70620;;;;;;
4901;KL37030  C01;PTWY;622;FL3;KL3P;;7;70621;;;;;;
4901;KL37030  C02;PTWY;623;FL3;KL3P;;7;70622;;;;;;
4901;KL37030  C03;PTWY;624;FL3;KL3P;;7;70623;;;;;;
4901;KL37030  C04;PTWY;625;FL3;KL3P;;7;70624;;;;;;
4901;KL37030  C05;PTWY;626;FL3;KL3P;;7;70625;;;;;;
4901;KL37030  C06;PTWY;627;FL3;KL3P;;7;70626;;;;;;
4901;KL37030  C07;PTWY;628;FL3;KL3P;;7;70627;;;;;;
4901;KL37030  C08;PTWY;629;FL3;KL3P;;7;70628;;;;;;
4901;KL37030  C09;PTWY;630;FL3;KL3P;;7;70629;;;;;;
4901;KL37030  D01;PTWY;631;FL3;KL3P;;7;70630;;;;;;
4901;KL37030  D02;PTWY;632;FL3;KL3P;;7;70631;;;;;;
4901;KL37030  D03;PTWY;633;FL3;KL3P;;7;70632;;;;;;
4901;KL37030  D04;PTWY;634;FL3;KL3P;;7;70633;;;;;;
4901;KL37030  D05;PTWY;635;FL3;KL3P;;7;70634;;;;;;
4901;KL37030  D06;PTWY;636;FL3;KL3P;;7;70635;;;;;;
4901;KL37030  D07;PTWY;637;FL3;KL3P;;7;70636;;;;;;
4901;KL37030  D08;PTWY;638;FL3;KL3P;;7;70637;;;;;;
4901;KL37030  D09;PTWY;639;FL3;KL3P;;7;70638;;;;;;
4901;KL37031  A01;PTWY;640;FL3;KL3P;;7;70639;;;;;;
4901;KL37031  A02;PTWY;641;FL3;KL3P;;7;70640;;;;;;
4901;KL37031  A03;PTWY;642;FL3;KL3P;;7;70641;;;;;;
4901;KL37031  A04;PTWY;643;FL3;KL3P;;7;70642;;;;;;
4901;KL37031  A05;PTWY;644;FL3;KL3P;;7;70643;;;;;;
4901;KL37031  A06;PTWY;645;FL3;KL3P;;7;70644;;;;;;
4901;KL37031  A07;PTWY;646;FL3;KL3P;;7;70645;;;;;;
4901;KL37031  A08;PTWY;647;FL3;KL3P;;7;70646;;;;;;
4901;KL37031  A09;PTWY;648;FL3;KL3P;;7;70647;;;;;;
4901;KL37031  A10;PTWY;649;FL3;KL3P;;7;70648;;;;;;
4901;KL37031  B01;PTWY;650;FL3;KL3P;;7;70649;;;;;;
4901;KL37031  B02;PTWY;651;FL3;KL3P;;7;70650;;;;;;
4901;KL37031  B03;PTWY;652;FL3;KL3P;;7;70651;;;;;;
4901;KL37031  B04;PTWY;653;FL3;KL3P;;7;70652;;;;;;
4901;KL37031  B05;PTWY;654;FL3;KL3P;;7;70653;;;;;;
4901;KL37031  B06;PTWY;655;FL3;KL3P;;7;70654;;;;;;
4901;KL37031  B07;PTWY;656;FL3;KL3P;;7;70655;;;;;;
4901;KL37031  B08;PTWY;657;FL3;KL3P;;7;70656;;;;;;
4901;KL37031  B09;PTWY;658;FL3;KL3P;;7;70657;;;;;;
4901;KL37031  B10;PTWY;659;FL3;KL3P;;7;70658;;;;;;
4901;KL37031  C01;PTWY;660;FL3;KL3P;;7;70659;;;;;;
4901;KL37031  C02;PTWY;661;FL3;KL3P;;7;70660;;;;;;
4901;KL37031  C03;PTWY;662;FL3;KL3P;;7;70661;;;;;;
4901;KL37031  C04;PTWY;663;FL3;KL3P;;7;70662;;;;;;
4901;KL37031  C05;PTWY;664;FL3;KL3P;;7;70663;;;;;;
4901;KL37031  C06;PTWY;665;FL3;KL3P;;7;70664;;;;;;
4901;KL37031  C07;PTWY;666;FL3;KL3P;;7;70665;;;;;;
4901;KL37031  C08;PTWY;667;FL3;KL3P;;7;70666;;;;;;
4901;KL37031  C09;PTWY;668;FL3;KL3P;;7;70667;;;;;;
4901;KL37031  C10;PTWY;669;FL3;KL3P;;7;70668;;;;;;
4901;KL37031  D01;PTWY;670;FL3;KL3P;;7;70669;;;;;;
4901;KL37031  D02;PTWY;671;FL3;KL3P;;7;70670;;;;;;
4901;KL37031  D03;PTWY;672;FL3;KL3P;;7;70671;;;;;;
4901;KL37031  D04;PTWY;673;FL3;KL3P;;7;70672;;;;;;
4901;KL37031  D05;PTWY;674;FL3;KL3P;;7;70673;;;;;;
4901;KL37031  D06;PTWY;675;FL3;KL3P;;7;70674;;;;;;
4901;KL37031  D07;PTWY;676;FL3;KL3P;;7;70675;;;;;;
4901;KL37031  D08;PTWY;677;FL3;KL3P;;7;70676;;;;;;
4901;KL37031  D09;PTWY;678;FL3;KL3P;;7;70677;;;;;;
4901;KL37032  A01;PTWY;679;FL3;KL3P;;7;70678;;;;;;
4901;KL37032  A02;PTWY;680;FL3;KL3P;;7;70679;;;;;;
4901;KL37032  A03;PTWY;681;FL3;KL3P;;7;70680;;;;;;
4901;KL37032  A04;PTWY;682;FL3;KL3P;;7;70681;;;;;;
4901;KL37032  A05;PTWY;683;FL3;KL3P;;7;70682;;;;;;
4901;KL37032  A06;PTWY;684;FL3;KL3P;;7;70683;;;;;;
4901;KL37032  A07;PTWY;685;FL3;KL3P;;7;70684;;;;;;
4901;KL37032  A08;PTWY;686;FL3;KL3P;;7;70685;;;;;;
4901;KL37032  B01;PTWY;687;FL3;KL3P;;7;70686;;;;;;
4901;KL37032  B02;PTWY;688;FL3;KL3P;;7;70687;;;;;;
4901;KL37032  B03;PTWY;689;FL3;KL3P;;7;70688;;;;;;
4901;KL37032  B04;PTWY;690;FL3;KL3P;;7;70689;;;;;;
4901;KL37032  B05;PTWY;691;FL3;KL3P;;7;70690;;;;;;
4901;KL37032  B06;PTWY;692;FL3;KL3P;;7;70691;;;;;;
4901;KL37032  B07;PTWY;693;FL3;KL3P;;7;70692;;;;;;
4901;KL37032  B08;PTWY;694;FL3;KL3P;;7;70693;;;;;;
4901;KL37032  C01;PTWY;695;FL3;KL3P;;7;70694;;;;;;
4901;KL37032  C02;PTWY;696;FL3;KL3P;;7;70695;;;;;;
4901;KL37032  C03;PTWY;697;FL3;KL3P;;7;70696;;;;;;
4901;KL37032  C04;PTWY;698;FL3;KL3P;;7;70697;;;;;;
4901;KL37032  C05;PTWY;699;FL3;KL3P;;7;70698;;;;;;
4901;KL37032  C06;PTWY;700;FL3;KL3P;;7;70699;;;;;;
4901;KL37032  C07;PTWY;701;FL3;KL3P;;7;70700;;;;;;
4901;KL37032  C08;PTWY;702;FL3;KL3P;;7;70701;;;;;;
4901;KL37032  D01;PTWY;703;FL3;KL3P;;7;70702;;;;;;
4901;KL37032  D02;PTWY;704;FL3;KL3P;;7;70703;;;;;;
4901;KL37032  D03;PTWY;705;FL3;KL3P;;7;70704;;;;;;
4901;KL37032  D04;PTWY;706;FL3;KL3P;;7;70705;;;;;;
4901;KL37032  D05;PTWY;707;FL3;KL3P;;7;70706;;;;;;
4901;KL37032  D06;PTWY;708;FL3;KL3P;;7;70707;;;;;;
4901;KL37032  D07;PTWY;709;FL3;KL3P;;7;70708;;;;;;
4901;KL37032  D08;PTWY;710;FL3;KL3P;;7;70709;;;;;;
4901;KL37032  D09;PTWY;711;FL3;KL3P;;7;70710;;;;;;
4901;KL37032  D10;PTWY;712;FL3;KL3P;;7;70711;;;;;;
4901;KL37033  A01;PTWY;713;FL3;KL3P;;7;70712;;;;;;
4901;KL37033  A02;PTWY;714;FL3;KL3P;;7;70713;;;;;;
4901;KL37033  A03;PTWY;715;FL3;KL3P;;7;70714;;;;;;
4901;KL37033  A04;PTWY;716;FL3;KL3P;;7;70715;;;;;;
4901;KL37033  A05;PTWY;717;FL3;KL3P;;7;70716;;;;;;
4901;KL37033  A06;PTWY;718;FL3;KL3P;;7;70717;;;;;;
4901;KL37033  A07;PTWY;719;FL3;KL3P;;7;70718;;;;;;
4901;KL37033  A08;PTWY;720;FL3;KL3P;;7;70719;;;;;;
4901;KL37033  A09;PTWY;721;FL3;KL3P;;7;70720;;;;;;
4901;KL37033  B01;PTWY;722;FL3;KL3P;;7;70721;;;;;;
4901;KL37033  B02;PTWY;723;FL3;KL3P;;7;70722;;;;;;
4901;KL37033  B03;PTWY;724;FL3;KL3P;;7;70723;;;;;;
4901;KL37033  B04;PTWY;725;FL3;KL3P;;7;70724;;;;;;
4901;KL37033  B05;PTWY;726;FL3;KL3P;;7;70725;;;;;;
4901;KL37033  B06;PTWY;727;FL3;KL3P;;7;70726;;;;;;
4901;KL37033  B07;PTWY;728;FL3;KL3P;;7;70727;;;;;;
4901;KL37033  B08;PTWY;729;FL3;KL3P;;7;70728;;;;;;
4901;KL37033  C01;PTWY;730;FL3;KL3P;;7;70729;;;;;;
4901;KL37033  C02;PTWY;731;FL3;KL3P;;7;70730;;;;;;
4901;KL37033  C03;PTWY;732;FL3;KL3P;;7;70731;;;;;;
4901;KL37033  C04;PTWY;733;FL3;KL3P;;7;70732;;;;;;
4901;KL37033  C05;PTWY;734;FL3;KL3P;;7;70733;;;;;;
4901;KL37033  C06;PTWY;735;FL3;KL3P;;7;70734;;;;;;
4901;KL37033  C07;PTWY;736;FL3;KL3P;;7;70735;;;;;;
4901;KL37033  C08;PTWY;737;FL3;KL3P;;7;70736;;;;;;
4901;KL37033  C09;PTWY;738;FL3;KL3P;;7;70737;;;;;;
4901;KL37033  C10;PTWY;739;FL3;KL3P;;7;70738;;;;;;
4901;KL37033  D01;PTWY;740;FL3;KL3P;;7;70739;;;;;;
4901;KL37033  D02;PTWY;741;FL3;KL3P;;7;70740;;;;;;
4901;KL37033  D03;PTWY;742;FL3;KL3P;;7;70741;;;;;;
4901;KL37033  D04;PTWY;743;FL3;KL3P;;7;70742;;;;;;
4901;KL37033  D05;PTWY;744;FL3;KL3P;;7;70743;;;;;;
4901;KL37033  D06;PTWY;745;FL3;KL3P;;7;70744;;;;;;
4901;KL37033  D07;PTWY;746;FL3;KL3P;;7;70745;;;;;;
4901;KL37034  A01;PTWY;747;FL3;KL3P;;7;70746;;;;;;
4901;KL37034  A02;PTWY;748;FL3;KL3P;;7;70747;;;;;;
4901;KL37034  A03;PTWY;749;FL3;KL3P;;7;70748;;;;;;
4901;KL37034  A04;PTWY;750;FL3;KL3P;;7;70749;;;;;;
4901;KL37034  A05;PTWY;751;FL3;KL3P;;7;70750;;;;;;
4901;KL37034  A06;PTWY;752;FL3;KL3P;;7;70751;;;;;;
4901;KL37034  A07;PTWY;753;FL3;KL3P;;7;70752;;;;;;
4901;KL37034  A08;PTWY;754;FL3;KL3P;;7;70753;;;;;;
4901;KL37034  B01;PTWY;755;FL3;KL3P;;7;70754;;;;;;
4901;KL37034  B02;PTWY;756;FL3;KL3P;;7;70755;;;;;;
4901;KL37034  B03;PTWY;757;FL3;KL3P;;7;70756;;;;;;
4901;KL37034  B04;PTWY;758;FL3;KL3P;;7;70757;;;;;;
4901;KL37034  B05;PTWY;759;FL3;KL3P;;7;70758;;;;;;
4901;KL37034  B06;PTWY;760;FL3;KL3P;;7;70759;;;;;;
4901;KL37034  B07;PTWY;761;FL3;KL3P;;7;70760;;;;;;
4901;KL37034  B08;PTWY;762;FL3;KL3P;;7;70761;;;;;;
4901;KL37034  C01;PTWY;763;FL3;KL3P;;7;70762;;;;;;
4901;KL37034  C02;PTWY;764;FL3;KL3P;;7;70763;;;;;;
4901;KL37034  C03;PTWY;765;FL3;KL3P;;7;70764;;;;;;
4901;KL37034  C04;PTWY;766;FL3;KL3P;;7;70765;;;;;;
4901;KL37034  C05;PTWY;767;FL3;KL3P;;7;70766;;;;;;
4901;KL37034  C06;PTWY;768;FL3;KL3P;;7;70767;;;;;;
4901;KL37034  C07;PTWY;769;FL3;KL3P;;7;70768;;;;;;
4901;KL37034  C08;PTWY;770;FL3;KL3P;;7;70769;;;;;;
4901;KL37034  D01;PTWY;771;FL3;KL3P;;7;70770;;;;;;
4901;KL37034  D02;PTWY;772;FL3;KL3P;;7;70771;;;;;;
4901;KL37034  D03;PTWY;773;FL3;KL3P;;7;70772;;;;;;
4901;KL37034  D04;PTWY;774;FL3;KL3P;;7;70773;;;;;;
4901;KL37034  D05;PTWY;775;FL3;KL3P;;7;70774;;;;;;
4901;KL37034  D06;PTWY;776;FL3;KL3P;;7;70775;;;;;;
4901;KL37034  D07;PTWY;777;FL3;KL3P;;7;70776;;;;;;
4901;KL37034  D08;PTWY;778;FL3;KL3P;;7;70777;;;;;;
4901;KL37034  D09;PTWY;779;FL3;KL3P;;7;70778;;;;;;
4901;KL37034  D10;PTWY;780;FL3;KL3P;;7;70779;;;;;;
4901;KL37034  D11;PTWY;781;FL3;KL3P;;7;70780;;;;;;
4901;KL37035  A01;PTWY;782;FL3;KL3P;;7;70781;;;;;;
4901;KL37035  A02;PTWY;783;FL3;KL3P;;7;70782;;;;;;
4901;KL37035  A03;PTWY;784;FL3;KL3P;;7;70783;;;;;;
4901;KL37035  A04;PTWY;785;FL3;KL3P;;7;70784;;;;;;
4901;KL37035  A05;PTWY;786;FL3;KL3P;;7;70785;;;;;;
4901;KL37035  A06;PTWY;787;FL3;KL3P;;7;70786;;;;;;
4901;KL37035  A07;PTWY;788;FL3;KL3P;;7;70787;;;;;;
4901;KL37035  B01;PTWY;789;FL3;KL3P;;7;70788;;;;;;
4901;KL37035  B02;PTWY;790;FL3;KL3P;;7;70789;;;;;;
4901;KL37035  B03;PTWY;791;FL3;KL3P;;7;70790;;;;;;
4901;KL37035  B04;PTWY;792;FL3;KL3P;;7;70791;;;;;;
4901;KL37035  B05;PTWY;793;FL3;KL3P;;7;70792;;;;;;
4901;KL37035  B06;PTWY;794;FL3;KL3P;;7;70793;;;;;;
4901;KL37035  B07;PTWY;795;FL3;KL3P;;7;70794;;;;;;
4901;KL37035  B08;PTWY;796;FL3;KL3P;;7;70795;;;;;;
4901;KL37035  B09;PTWY;797;FL3;KL3P;;7;70796;;;;;;
4901;KL37035  B10;PTWY;798;FL3;KL3P;;7;70797;;;;;;
4901;KL37035  C01;PTWY;799;FL3;KL3P;;7;70798;;;;;;
4901;KL37035  C02;PTWY;800;FL3;KL3P;;7;70799;;;;;;
4901;KL37035  C03;PTWY;801;FL3;KL3P;;7;70800;;;;;;
4901;KL37035  C04;PTWY;802;FL3;KL3P;;7;70801;;;;;;
4901;KL37035  C05;PTWY;803;FL3;KL3P;;7;70802;;;;;;
4901;KL37035  C06;PTWY;804;FL3;KL3P;;7;70803;;;;;;
4901;KL37035  C07;PTWY;805;FL3;KL3P;;7;70804;;;;;;
4901;KL37035  C08;PTWY;806;FL3;KL3P;;7;70805;;;;;;
4901;KL37035  D01;PTWY;807;FL3;KL3P;;7;70806;;;;;;
4901;KL37035  D02;PTWY;808;FL3;KL3P;;7;70807;;;;;;
4901;KL37035  D03;PTWY;809;FL3;KL3P;;7;70808;;;;;;
4901;KL37035  D04;PTWY;810;FL3;KL3P;;7;70809;;;;;;
4901;KL37035  D05;PTWY;811;FL3;KL3P;;7;70810;;;;;;
4901;KL37035  D06;PTWY;812;FL3;KL3P;;7;70811;;;;;;
4901;KL37035  D07;PTWY;813;FL3;KL3P;;7;70812;;;;;;
4901;KL37035  D08;PTWY;814;FL3;KL3P;;7;70813;;;;;;
4901;KL37036  A01;PTWY;815;FL3;KL3P;;7;70814;;;;;;
4901;KL37036  A02;PTWY;816;FL3;KL3P;;7;70815;;;;;;
4901;KL37036  A03;PTWY;817;FL3;KL3P;;7;70816;;;;;;
4901;KL37036  A04;PTWY;818;FL3;KL3P;;7;70817;;;;;;
4901;KL37036  A05;PTWY;819;FL3;KL3P;;7;70818;;;;;;
4901;KL37036  A06;PTWY;820;FL3;KL3P;;7;70819;;;;;;
4901;KL37036  A07;PTWY;821;FL3;KL3P;;7;70820;;;;;;
4901;KL37036  B01;PTWY;822;FL3;KL3P;;7;70821;;;;;;
4901;KL37036  B02;PTWY;823;FL3;KL3P;;7;70822;;;;;;
4901;KL37036  B03;PTWY;824;FL3;KL3P;;7;70823;;;;;;
4901;KL37036  B04;PTWY;825;FL3;KL3P;;7;70824;;;;;;
4901;KL37036  B05;PTWY;826;FL3;KL3P;;7;70825;;;;;;
4901;KL37036  B06;PTWY;827;FL3;KL3P;;7;70826;;;;;;
4901;KL37036  B07;PTWY;828;FL3;KL3P;;7;70827;;;;;;
4901;KL37036  B08;PTWY;829;FL3;KL3P;;7;70828;;;;;;
4901;KL37036  B09;PTWY;830;FL3;KL3P;;7;70829;;;;;;
4901;KL37036  C01;PTWY;831;FL3;KL3P;;7;70830;;;;;;
4901;KL37036  C02;PTWY;832;FL3;KL3P;;7;70831;;;;;;
4901;KL37036  C03;PTWY;833;FL3;KL3P;;7;70832;;;;;;
4901;KL37036  C04;PTWY;834;FL3;KL3P;;7;70833;;;;;;
4901;KL37036  C05;PTWY;835;FL3;KL3P;;7;70834;;;;;;
4901;KL37036  C06;PTWY;836;FL3;KL3P;;7;70835;;;;;;
4901;KL37036  C07;PTWY;837;FL3;KL3P;;7;70836;;;;;;
4901;KL37036  C08;PTWY;838;FL3;KL3P;;7;70837;;;;;;
4901;KL37036  C09;PTWY;839;FL3;KL3P;;7;70838;;;;;;
4901;KL37036  D01;PTWY;840;FL3;KL3P;;7;70839;;;;;;
4901;KL37036  D02;PTWY;841;FL3;KL3P;;7;70840;;;;;;
4901;KL37036  D03;PTWY;842;FL3;KL3P;;7;70841;;;;;;
4901;KL37036  D04;PTWY;843;FL3;KL3P;;7;70842;;;;;;
4901;KL37036  D05;PTWY;844;FL3;KL3P;;7;70843;;;;;;
4901;KL37036  D06;PTWY;845;FL3;KL3P;;7;70844;;;;;;
4901;KL37036  D07;PTWY;846;FL3;KL3P;;7;70845;;;;;;
4901;KL37036  D08;PTWY;847;FL3;KL3P;;7;70846;;;;;;
4901;KL37036  D09;PTWY;848;FL3;KL3P;;7;70847;;;;;;
4901;KL37036  D10;PTWY;849;FL3;KL3P;;7;70848;;;;;;
4901;KL37037  A01;PTWY;850;FL3;KL3P;;7;70849;;;;;;
4901;KL37037  A02;PTWY;851;FL3;KL3P;;7;70850;;;;;;
4901;KL37037  A03;PTWY;852;FL3;KL3P;;7;70851;;;;;;
4901;KL37037  A04;PTWY;853;FL3;KL3P;;7;70852;;;;;;
4901;KL37037  A05;PTWY;854;FL3;KL3P;;7;70853;;;;;;
4901;KL37037  A06;PTWY;855;FL3;KL3P;;7;70854;;;;;;
4901;KL37037  A07;PTWY;856;FL3;KL3P;;7;70855;;;;;;
4901;KL37037  A08;PTWY;857;FL3;KL3P;;7;70856;;;;;;
4901;KL37037  A09;PTWY;858;FL3;KL3P;;7;70857;;;;;;
4901;KL37037  B01;PTWY;859;FL3;KL3P;;7;70858;;;;;;
4901;KL37037  B02;PTWY;860;FL3;KL3P;;7;70859;;;;;;
4901;KL37037  B03;PTWY;861;FL3;KL3P;;7;70860;;;;;;
4901;KL37037  B04;PTWY;862;FL3;KL3P;;7;70861;;;;;;
4901;KL37037  B05;PTWY;863;FL3;KL3P;;7;70862;;;;;;
4901;KL37037  B06;PTWY;864;FL3;KL3P;;7;70863;;;;;;
4901;KL37037  B07;PTWY;865;FL3;KL3P;;7;70864;;;;;;
4901;KL37037  B08;PTWY;866;FL3;KL3P;;7;70865;;;;;;
4901;KL37037  B09;PTWY;867;FL3;KL3P;;7;70866;;;;;;
4901;KL37037  C01;PTWY;868;FL3;KL3P;;7;70867;;;;;;
4901;KL37037  C02;PTWY;869;FL3;KL3P;;7;70868;;;;;;
4901;KL37037  C03;PTWY;870;FL3;KL3P;;7;70869;;;;;;
4901;KL37037  C04;PTWY;871;FL3;KL3P;;7;70870;;;;;;
4901;KL37037  C05;PTWY;872;FL3;KL3P;;7;70871;;;;;;
4901;KL37037  C06;PTWY;873;FL3;KL3P;;7;70872;;;;;;
4901;KL37037  C07;PTWY;874;FL3;KL3P;;7;70873;;;;;;
4901;KL37037  C08;PTWY;875;FL3;KL3P;;7;70874;;;;;;
4901;KL37037  C09;PTWY;876;FL3;KL3P;;7;70875;;;;;;
4901;KL37037  D01;PTWY;877;FL3;KL3P;;7;70876;;;;;;
4901;KL37037  D02;PTWY;878;FL3;KL3P;;7;70877;;;;;;
4901;KL37037  D03;PTWY;879;FL3;KL3P;;7;70878;;;;;;
4901;KL37037  D04;PTWY;880;FL3;KL3P;;7;70879;;;;;;
4901;KL37037  D05;PTWY;881;FL3;KL3P;;7;70880;;;;;;
4901;KL37037  D06;PTWY;882;FL3;KL3P;;7;70881;;;;;;
4901;KL37037  D07;PTWY;883;FL3;KL3P;;7;70882;;;;;;
4901;KL37037  D08;PTWY;884;FL3;KL3P;;7;70883;;;;;;
4901;KL37037  D09;PTWY;885;FL3;KL3P;;7;70884;;;;;;
4901;KL37038  A01;PTWY;886;FL3;KL3P;;7;70885;;;;;;
4901;KL37038  A02;PTWY;887;FL3;KL3P;;7;70886;;;;;;
4901;KL37038  A03;PTWY;888;FL3;KL3P;;7;70887;;;;;;
4901;KL37038  A04;PTWY;889;FL3;KL3P;;7;70888;;;;;;
4901;KL37038  A05;PTWY;890;FL3;KL3P;;7;70889;;;;;;
4901;KL37038  A06;PTWY;891;FL3;KL3P;;7;70890;;;;;;
4901;KL37038  A07;PTWY;892;FL3;KL3P;;7;70891;;;;;;
4901;KL37038  A08;PTWY;893;FL3;KL3P;;7;70892;;;;;;
4901;KL37038  A09;PTWY;894;FL3;KL3P;;7;70893;;;;;;
4901;KL37038  B01;PTWY;895;FL3;KL3P;;7;70894;;;;;;
4901;KL37038  B02;PTWY;896;FL3;KL3P;;7;70895;;;;;;
4901;KL37038  B03;PTWY;897;FL3;KL3P;;7;70896;;;;;;
4901;KL37038  B04;PTWY;898;FL3;KL3P;;7;70897;;;;;;
4901;KL37038  B05;PTWY;899;FL3;KL3P;;7;70898;;;;;;
4901;KL37038  B06;PTWY;900;FL3;KL3P;;7;70899;;;;;;
4901;KL37038  B07;PTWY;901;FL3;KL3P;;7;70900;;;;;;
4901;KL37038  B08;PTWY;902;FL3;KL3P;;7;70901;;;;;;
4901;KL37038  C01;PTWY;903;FL3;KL3P;;7;70902;;;;;;
4901;KL37038  C02;PTWY;904;FL3;KL3P;;7;70903;;;;;;
4901;KL37038  C03;PTWY;905;FL3;KL3P;;7;70904;;;;;;
4901;KL37038  C04;PTWY;906;FL3;KL3P;;7;70905;;;;;;
4901;KL37038  C05;PTWY;907;FL3;KL3P;;7;70906;;;;;;
4901;KL37038  C06;PTWY;908;FL3;KL3P;;7;70907;;;;;;
4901;KL37038  C07;PTWY;909;FL3;KL3P;;7;70908;;;;;;
4901;KL37038  C08;PTWY;910;FL3;KL3P;;7;70909;;;;;;
4901;KL37038  C09;PTWY;911;FL3;KL3P;;7;70910;;;;;;
4901;KL37038  C10;PTWY;912;FL3;KL3P;;7;70911;;;;;;
4901;KL37038  D01;PTWY;913;FL3;KL3P;;7;70912;;;;;;
4901;KL37038  D02;PTWY;914;FL3;KL3P;;7;70913;;;;;;
4901;KL37038  D03;PTWY;915;FL3;KL3P;;7;70914;;;;;;
4901;KL37038  D04;PTWY;916;FL3;KL3P;;7;70915;;;;;;
4901;KL37038  D05;PTWY;917;FL3;KL3P;;7;70916;;;;;;
4901;KL37038  D06;PTWY;918;FL3;KL3P;;7;70917;;;;;;
4901;KL37038  D07;PTWY;919;FL3;KL3P;;7;70918;;;;;;
4901;KL37038  D08;PTWY;920;FL3;KL3P;;7;70919;;;;;;
4901;KL37038  D09;PTWY;921;FL3;KL3P;;7;70920;;;;;;
4901;KL37038  D10;PTWY;922;FL3;KL3P;;7;70921;;;;;;
4901;KL37040  A01;PTWY;923;FL3;KL3P;;7;70922;;;;;;
4901;KL37040  A02;PTWY;924;FL3;KL3P;;7;70923;;;;;;
4901;KL37040  A03;PTWY;925;FL3;KL3P;;7;70924;;;;;;
4901;KL37040  A04;PTWY;926;FL3;KL3P;;7;70925;;;;;;
4901;KL37040  A05;PTWY;927;FL3;KL3P;;7;70926;;;;;;
4901;KL37040  A06;PTWY;928;FL3;KL3P;;7;70927;;;;;;
4901;KL37040  A07;PTWY;929;FL3;KL3P;;7;70928;;;;;;
4901;KL37040  B01;PTWY;930;FL3;KL3P;;7;70929;;;;;;
4901;KL37040  B02;PTWY;931;FL3;KL3P;;7;70930;;;;;;
4901;KL37040  B03;PTWY;932;FL3;KL3P;;7;70931;;;;;;
4901;KL37040  B04;PTWY;933;FL3;KL3P;;7;70932;;;;;;
4901;KL37040  B05;PTWY;934;FL3;KL3P;;7;70933;;;;;;
4901;KL37040  B06;PTWY;935;FL3;KL3P;;7;70934;;;;;;
4901;KL37040  B07;PTWY;936;FL3;KL3P;;7;70935;;;;;;
4901;KL37040  C01;PTWY;937;FL3;KL3P;;7;70936;;;;;;
4901;KL37040  C02;PTWY;938;FL3;KL3P;;7;70937;;;;;;
4901;KL37040  C03;PTWY;939;FL3;KL3P;;7;70938;;;;;;
4901;KL37040  C04;PTWY;940;FL3;KL3P;;7;70939;;;;;;
4901;KL37040  C05;PTWY;941;FL3;KL3P;;7;70940;;;;;;
4901;KL37040  C06;PTWY;942;FL3;KL3P;;7;70941;;;;;;
4901;KL37040  C07;PTWY;943;FL3;KL3P;;7;70942;;;;;;
4901;KL37040  C08;PTWY;944;FL3;KL3P;;7;70943;;;;;;
4901;KL37040  C09;PTWY;945;FL3;KL3P;;7;70944;;;;;;
4901;KL37040  C10;PTWY;946;FL3;KL3P;;7;70945;;;;;;
4901;KL37040  D01;PTWY;947;FL3;KL3P;;7;70946;;;;;;
4901;KL37040  D02;PTWY;948;FL3;KL3P;;7;70947;;;;;;
4901;KL37040  D03;PTWY;949;FL3;KL3P;;7;70948;;;;;;
4901;KL37040  D04;PTWY;950;FL3;KL3P;;7;70949;;;;;;
4901;KL37040  D05;PTWY;951;FL3;KL3P;;7;70950;;;;;;
4901;KL37040  D06;PTWY;952;FL3;KL3P;;7;70951;;;;;;
4901;KL37040  D07;PTWY;953;FL3;KL3P;;7;70952;;;;;;
4901;KL37040  D08;PTWY;954;FL3;KL3P;;7;70953;;;;;;
