Lagernummer;Lagerplatz;Aktivität;Fortlaufende Nummer;Aktivitätsbereich;Lagertyp;Lagerbereich;Lagerplatzgang;Sortierreihenfolge;Entfernung zum Start des Gangs;Ganglänge;Folgegang;Enfernung zum Folgegang;Konsolidierungsgrup.;Nachrichtenzeile
4901;AKF1-09;ZOPI;1;ZOPC;ÜB1;;9;90000;;;;;;
4901;KL19001  F01;ZOPI;2;ZOPC;KL1;;9;90001;;;;;;
4901;KL19002  A01;ZOPI;3;ZOPC;KL1;;9;90002;;;;;;
4901;KL19002  A02;ZOPI;4;ZOPC;KL1;;9;90003;;;;;;
4901;KL19002  A03;ZOPI;5;ZOPC;KL1;;9;90004;;;;;;
4901;KL19002  A04;ZOPI;6;ZOPC;KL1;;9;90005;;;;;;
4901;KL19003  A01;ZOPI;7;ZOPC;KL1;;9;90006;;;;;;
4901;KL19003  A02;ZOPI;8;ZOPC;KL1;;9;90007;;;;;;
4901;KL19003  A03;ZOPI;9;ZOPC;KL1;;9;90008;;;;;;
4901;KL19003  A04;ZOPI;10;ZOPC;KL1;;9;90009;;;;;;
4901;KL19003  A05;ZOPI;11;ZOPC;KL1;;9;90010;;;;;;
4901;KL19003  A06;ZOPI;12;ZOPC;KL1;;9;90011;;;;;;
4901;KL19003  A07;ZOPI;13;ZOPC;KL1;;9;90012;;;;;;
4901;KL19003  A08;ZOPI;14;ZOPC;KL1;;9;90013;;;;;;
4901;KL19003  A09;ZOPI;15;ZOPC;KL1;;9;90014;;;;;;
4901;KL19003  A10;ZOPI;16;ZOPC;KL1;;9;90015;;;;;;
4901;KL19003  A11;ZOPI;17;ZOPC;KL1;;9;90016;;;;;;
4901;KL19003  A12;ZOPI;18;ZOPC;KL1;;9;90017;;;;;;
4901;KL19003  A13;ZOPI;19;ZOPC;KL1;;9;90018;;;;;;
4901;KL19003  A14;ZOPI;20;ZOPC;KL1;;9;90019;;;;;;
4901;KL19003  A15;ZOPI;21;ZOPC;KL1;;9;90020;;;;;;
4901;KL19003  B01;ZOPI;22;ZOPC;KL1;;9;90021;;;;;;
4901;KL19003  B02;ZOPI;23;ZOPC;KL1;;9;90022;;;;;;
4901;KL19003  B03;ZOPI;24;ZOPC;KL1;;9;90023;;;;;;
4901;KL19003  B04;ZOPI;25;ZOPC;KL1;;9;90024;;;;;;
4901;KL19003  B05;ZOPI;26;ZOPC;KL1;;9;90025;;;;;;
4901;KL19003  B06;ZOPI;27;ZOPC;KL1;;9;90026;;;;;;
4901;KL19003  B07;ZOPI;28;ZOPC;KL1;;9;90027;;;;;;
4901;KL19003  B08;ZOPI;29;ZOPC;KL1;;9;90028;;;;;;
4901;KL19003  B09;ZOPI;30;ZOPC;KL1;;9;90029;;;;;;
4901;KL19003  B10;ZOPI;31;ZOPC;KL1;;9;90030;;;;;;
4901;KL19003  B11;ZOPI;32;ZOPC;KL1;;9;90031;;;;;;
4901;KL19003  B12;ZOPI;33;ZOPC;KL1;;9;90032;;;;;;
4901;KL19003  B13;ZOPI;34;ZOPC;KL1;;9;90033;;;;;;
4901;KL19003  B14;ZOPI;35;ZOPC;KL1;;9;90034;;;;;;
4901;KL19003  B15;ZOPI;36;ZOPC;KL1;;9;90035;;;;;;
4901;KL19003  C01;ZOPI;37;ZOPC;KL1;;9;90036;;;;;;
4901;KL19003  C02;ZOPI;38;ZOPC;KL1;;9;90037;;;;;;
4901;KL19003  C03;ZOPI;39;ZOPC;KL1;;9;90038;;;;;;
4901;KL19003  C04;ZOPI;40;ZOPC;KL1;;9;90039;;;;;;
4901;KL19003  C05;ZOPI;41;ZOPC;KL1;;9;90040;;;;;;
4901;KL19003  C06;ZOPI;42;ZOPC;KL1;;9;90041;;;;;;
4901;KL19003  C07;ZOPI;43;ZOPC;KL1;;9;90042;;;;;;
4901;KL19003  C08;ZOPI;44;ZOPC;KL1;;9;90043;;;;;;
4901;KL19003  C09;ZOPI;45;ZOPC;KL1;;9;90044;;;;;;
4901;KL19003  C10;ZOPI;46;ZOPC;KL1;;9;90045;;;;;;
4901;KL19003  C11;ZOPI;47;ZOPC;KL1;;9;90046;;;;;;
4901;KL19003  C12;ZOPI;48;ZOPC;KL1;;9;90047;;;;;;
4901;KL19003  C13;ZOPI;49;ZOPC;KL1;;9;90048;;;;;;
4901;KL19003  C14;ZOPI;50;ZOPC;KL1;;9;90049;;;;;;
4901;KL19003  C15;ZOPI;51;ZOPC;KL1;;9;90050;;;;;;
4901;KL19003  D01;ZOPI;52;ZOPC;KL1;;9;90051;;;;;;
4901;KL19003  D02;ZOPI;53;ZOPC;KL1;;9;90052;;;;;;
4901;KL19003  D03;ZOPI;54;ZOPC;KL1;;9;90053;;;;;;
4901;KL19003  D04;ZOPI;55;ZOPC;KL1;;9;90054;;;;;;
4901;KL19003  D05;ZOPI;56;ZOPC;KL1;;9;90055;;;;;;
4901;KL19003  D06;ZOPI;57;ZOPC;KL1;;9;90056;;;;;;
4901;KL19003  D07;ZOPI;58;ZOPC;KL1;;9;90057;;;;;;
4901;KL19003  D08;ZOPI;59;ZOPC;KL1;;9;90058;;;;;;
4901;KL19003  D09;ZOPI;60;ZOPC;KL1;;9;90059;;;;;;
4901;KL19003  D10;ZOPI;61;ZOPC;KL1;;9;90060;;;;;;
4901;KL19003  D11;ZOPI;62;ZOPC;KL1;;9;90061;;;;;;
4901;KL19003  D12;ZOPI;63;ZOPC;KL1;;9;90062;;;;;;
4901;KL19003  D13;ZOPI;64;ZOPC;KL1;;9;90063;;;;;;
4901;KL19003  D14;ZOPI;65;ZOPC;KL1;;9;90064;;;;;;
4901;KL19003  D15;ZOPI;66;ZOPC;KL1;;9;90065;;;;;;
4901;KL19003  E01;ZOPI;67;ZOPC;KL1;;9;90066;;;;;;
4901;KL19003  E02;ZOPI;68;ZOPC;KL1;;9;90067;;;;;;
4901;KL19003  E03;ZOPI;69;ZOPC;KL1;;9;90068;;;;;;
4901;KL19003  E04;ZOPI;70;ZOPC;KL1;;9;90069;;;;;;
4901;KL19003  E05;ZOPI;71;ZOPC;KL1;;9;90070;;;;;;
4901;KL19003  E06;ZOPI;72;ZOPC;KL1;;9;90071;;;;;;
4901;KL19003  E07;ZOPI;73;ZOPC;KL1;;9;90072;;;;;;
4901;KL19003  E08;ZOPI;74;ZOPC;KL1;;9;90073;;;;;;
4901;KL19003  E09;ZOPI;75;ZOPC;KL1;;9;90074;;;;;;
4901;KL19003  E10;ZOPI;76;ZOPC;KL1;;9;90075;;;;;;
4901;KL19003  E11;ZOPI;77;ZOPC;KL1;;9;90076;;;;;;
4901;KL19003  E12;ZOPI;78;ZOPC;KL1;;9;90077;;;;;;
4901;KL19003  E13;ZOPI;79;ZOPC;KL1;;9;90078;;;;;;
4901;KL19003  E14;ZOPI;80;ZOPC;KL1;;9;90079;;;;;;
4901;KL19003  E15;ZOPI;81;ZOPC;KL1;;9;90080;;;;;;
4901;KL19004  A01;ZOPI;82;ZOPC;KL1;;9;90081;;;;;;
4901;KL19004  A02;ZOPI;83;ZOPC;KL1;;9;90082;;;;;;
4901;KL19004  A03;ZOPI;84;ZOPC;KL1;;9;90083;;;;;;
4901;KL19004  A04;ZOPI;85;ZOPC;KL1;;9;90084;;;;;;
4901;KL19005  A01;ZOPI;86;ZOPC;KL1;;9;90085;;;;;;
4901;KL19005  A02;ZOPI;87;ZOPC;KL1;;9;90086;;;;;;
4901;KL19005  A03;ZOPI;88;ZOPC;KL1;;9;90087;;;;;;
4901;KL19005  A04;ZOPI;89;ZOPC;KL1;;9;90088;;;;;;
4901;KL19005  A05;ZOPI;90;ZOPC;KL1;;9;90089;;;;;;
4901;KL19005  A06;ZOPI;91;ZOPC;KL1;;9;90090;;;;;;
4901;KL19005  A07;ZOPI;92;ZOPC;KL1;;9;90091;;;;;;
4901;KL19005  A08;ZOPI;93;ZOPC;KL1;;9;90092;;;;;;
4901;KL19005  A09;ZOPI;94;ZOPC;KL1;;9;90093;;;;;;
4901;KL19005  A10;ZOPI;95;ZOPC;KL1;;9;90094;;;;;;
4901;KL19005  A11;ZOPI;96;ZOPC;KL1;;9;90095;;;;;;
4901;KL19005  A12;ZOPI;97;ZOPC;KL1;;9;90096;;;;;;
4901;KL19005  A13;ZOPI;98;ZOPC;KL1;;9;90097;;;;;;
4901;KL19005  A14;ZOPI;99;ZOPC;KL1;;9;90098;;;;;;
4901;KL19005  A15;ZOPI;100;ZOPC;KL1;;9;90099;;;;;;
4901;KL19005  B01;ZOPI;101;ZOPC;KL1;;9;90100;;;;;;
4901;KL19005  B02;ZOPI;102;ZOPC;KL1;;9;90101;;;;;;
4901;KL19005  B03;ZOPI;103;ZOPC;KL1;;9;90102;;;;;;
4901;KL19005  B04;ZOPI;104;ZOPC;KL1;;9;90103;;;;;;
4901;KL19005  B05;ZOPI;105;ZOPC;KL1;;9;90104;;;;;;
4901;KL19005  B06;ZOPI;106;ZOPC;KL1;;9;90105;;;;;;
4901;KL19005  B07;ZOPI;107;ZOPC;KL1;;9;90106;;;;;;
4901;KL19005  B08;ZOPI;108;ZOPC;KL1;;9;90107;;;;;;
4901;KL19005  B09;ZOPI;109;ZOPC;KL1;;9;90108;;;;;;
4901;KL19005  B10;ZOPI;110;ZOPC;KL1;;9;90109;;;;;;
4901;KL19005  B11;ZOPI;111;ZOPC;KL1;;9;90110;;;;;;
4901;KL19005  B12;ZOPI;112;ZOPC;KL1;;9;90111;;;;;;
4901;KL19005  B13;ZOPI;113;ZOPC;KL1;;9;90112;;;;;;
4901;KL19005  B14;ZOPI;114;ZOPC;KL1;;9;90113;;;;;;
4901;KL19005  B15;ZOPI;115;ZOPC;KL1;;9;90114;;;;;;
4901;KL19005  C01;ZOPI;116;ZOPC;KL1;;9;90115;;;;;;
4901;KL19005  C02;ZOPI;117;ZOPC;KL1;;9;90116;;;;;;
4901;KL19005  C03;ZOPI;118;ZOPC;KL1;;9;90117;;;;;;
4901;KL19005  C04;ZOPI;119;ZOPC;KL1;;9;90118;;;;;;
4901;KL19005  C05;ZOPI;120;ZOPC;KL1;;9;90119;;;;;;
4901;KL19005  C06;ZOPI;121;ZOPC;KL1;;9;90120;;;;;;
4901;KL19005  C07;ZOPI;122;ZOPC;KL1;;9;90121;;;;;;
4901;KL19005  C08;ZOPI;123;ZOPC;KL1;;9;90122;;;;;;
4901;KL19005  C09;ZOPI;124;ZOPC;KL1;;9;90123;;;;;;
4901;KL19005  C10;ZOPI;125;ZOPC;KL1;;9;90124;;;;;;
4901;KL19005  C11;ZOPI;126;ZOPC;KL1;;9;90125;;;;;;
4901;KL19005  C12;ZOPI;127;ZOPC;KL1;;9;90126;;;;;;
4901;KL19005  C13;ZOPI;128;ZOPC;KL1;;9;90127;;;;;;
4901;KL19005  C14;ZOPI;129;ZOPC;KL1;;9;90128;;;;;;
4901;KL19005  C15;ZOPI;130;ZOPC;KL1;;9;90129;;;;;;
4901;KL19005  D01;ZOPI;131;ZOPC;KL1;;9;90130;;;;;;
4901;KL19005  D02;ZOPI;132;ZOPC;KL1;;9;90131;;;;;;
4901;KL19005  D03;ZOPI;133;ZOPC;KL1;;9;90132;;;;;;
4901;KL19005  D04;ZOPI;134;ZOPC;KL1;;9;90133;;;;;;
4901;KL19005  D05;ZOPI;135;ZOPC;KL1;;9;90134;;;;;;
4901;KL19005  D06;ZOPI;136;ZOPC;KL1;;9;90135;;;;;;
4901;KL19005  D07;ZOPI;137;ZOPC;KL1;;9;90136;;;;;;
4901;KL19005  D08;ZOPI;138;ZOPC;KL1;;9;90137;;;;;;
4901;KL19005  D09;ZOPI;139;ZOPC;KL1;;9;90138;;;;;;
4901;KL19005  D10;ZOPI;140;ZOPC;KL1;;9;90139;;;;;;
4901;KL19005  D11;ZOPI;141;ZOPC;KL1;;9;90140;;;;;;
4901;KL19005  D12;ZOPI;142;ZOPC;KL1;;9;90141;;;;;;
4901;KL19005  D13;ZOPI;143;ZOPC;KL1;;9;90142;;;;;;
4901;KL19005  D14;ZOPI;144;ZOPC;KL1;;9;90143;;;;;;
4901;KL19005  D15;ZOPI;145;ZOPC;KL1;;9;90144;;;;;;
4901;KL19005  E01;ZOPI;146;ZOPC;KL1;;9;90145;;;;;;
4901;KL19005  E02;ZOPI;147;ZOPC;KL1;;9;90146;;;;;;
4901;KL19005  E03;ZOPI;148;ZOPC;KL1;;9;90147;;;;;;
4901;KL19005  E04;ZOPI;149;ZOPC;KL1;;9;90148;;;;;;
4901;KL19005  E05;ZOPI;150;ZOPC;KL1;;9;90149;;;;;;
4901;KL19005  E06;ZOPI;151;ZOPC;KL1;;9;90150;;;;;;
4901;KL19005  E07;ZOPI;152;ZOPC;KL1;;9;90151;;;;;;
4901;KL19005  E08;ZOPI;153;ZOPC;KL1;;9;90152;;;;;;
4901;KL19005  E09;ZOPI;154;ZOPC;KL1;;9;90153;;;;;;
4901;KL19005  E10;ZOPI;155;ZOPC;KL1;;9;90154;;;;;;
4901;KL19005  E11;ZOPI;156;ZOPC;KL1;;9;90155;;;;;;
4901;KL19005  E12;ZOPI;157;ZOPC;KL1;;9;90156;;;;;;
4901;KL19005  E13;ZOPI;158;ZOPC;KL1;;9;90157;;;;;;
4901;KL19005  E14;ZOPI;159;ZOPC;KL1;;9;90158;;;;;;
4901;KL19005  E15;ZOPI;160;ZOPC;KL1;;9;90159;;;;;;
4901;KL19006  A01;ZOPI;161;ZOPC;KL1;;9;90160;;;;;;
4901;KL19006  A02;ZOPI;162;ZOPC;KL1;;9;90161;;;;;;
4901;KL19006  A03;ZOPI;163;ZOPC;KL1;;9;90162;;;;;;
4901;KL19007  A01;ZOPI;164;ZOPC;KL1;;9;90163;;;;;;
4901;KL19007  A02;ZOPI;165;ZOPC;KL1;;9;90164;;;;;;
4901;KL19007  A03;ZOPI;166;ZOPC;KL1;;9;90165;;;;;;
4901;KL19007  A04;ZOPI;167;ZOPC;KL1;;9;90166;;;;;;
4901;KL19007  A05;ZOPI;168;ZOPC;KL1;;9;90167;;;;;;
4901;KL19007  A06;ZOPI;169;ZOPC;KL1;;9;90168;;;;;;
4901;KL19007  A07;ZOPI;170;ZOPC;KL1;;9;90169;;;;;;
4901;KL19007  A08;ZOPI;171;ZOPC;KL1;;9;90170;;;;;;
4901;KL19007  A09;ZOPI;172;ZOPC;KL1;;9;90171;;;;;;
4901;KL19007  A10;ZOPI;173;ZOPC;KL1;;9;90172;;;;;;
4901;KL19007  A11;ZOPI;174;ZOPC;KL1;;9;90173;;;;;;
4901;KL19007  A12;ZOPI;175;ZOPC;KL1;;9;90174;;;;;;
4901;KL19007  A13;ZOPI;176;ZOPC;KL1;;9;90175;;;;;;
4901;KL19007  A14;ZOPI;177;ZOPC;KL1;;9;90176;;;;;;
4901;KL19007  A15;ZOPI;178;ZOPC;KL1;;9;90177;;;;;;
4901;KL19007  B01;ZOPI;179;ZOPC;KL1;;9;90178;;;;;;
4901;KL19007  B02;ZOPI;180;ZOPC;KL1;;9;90179;;;;;;
4901;KL19007  B03;ZOPI;181;ZOPC;KL1;;9;90180;;;;;;
4901;KL19007  B04;ZOPI;182;ZOPC;KL1;;9;90181;;;;;;
4901;KL19007  B05;ZOPI;183;ZOPC;KL1;;9;90182;;;;;;
4901;KL19007  B06;ZOPI;184;ZOPC;KL1;;9;90183;;;;;;
4901;KL19007  B07;ZOPI;185;ZOPC;KL1;;9;90184;;;;;;
4901;KL19007  B08;ZOPI;186;ZOPC;KL1;;9;90185;;;;;;
4901;KL19007  B09;ZOPI;187;ZOPC;KL1;;9;90186;;;;;;
4901;KL19007  B10;ZOPI;188;ZOPC;KL1;;9;90187;;;;;;
4901;KL19007  B11;ZOPI;189;ZOPC;KL1;;9;90188;;;;;;
4901;KL19007  B12;ZOPI;190;ZOPC;KL1;;9;90189;;;;;;
4901;KL19007  B13;ZOPI;191;ZOPC;KL1;;9;90190;;;;;;
4901;KL19007  B14;ZOPI;192;ZOPC;KL1;;9;90191;;;;;;
4901;KL19007  B15;ZOPI;193;ZOPC;KL1;;9;90192;;;;;;
4901;KL19007  C01;ZOPI;194;ZOPC;KL1;;9;90193;;;;;;
4901;KL19007  C02;ZOPI;195;ZOPC;KL1;;9;90194;;;;;;
4901;KL19007  C03;ZOPI;196;ZOPC;KL1;;9;90195;;;;;;
4901;KL19007  C04;ZOPI;197;ZOPC;KL1;;9;90196;;;;;;
4901;KL19007  C05;ZOPI;198;ZOPC;KL1;;9;90197;;;;;;
4901;KL19007  C06;ZOPI;199;ZOPC;KL1;;9;90198;;;;;;
4901;KL19007  C07;ZOPI;200;ZOPC;KL1;;9;90199;;;;;;
4901;KL19007  C08;ZOPI;201;ZOPC;KL1;;9;90200;;;;;;
4901;KL19007  C09;ZOPI;202;ZOPC;KL1;;9;90201;;;;;;
4901;KL19007  C10;ZOPI;203;ZOPC;KL1;;9;90202;;;;;;
4901;KL19007  C11;ZOPI;204;ZOPC;KL1;;9;90203;;;;;;
4901;KL19007  C12;ZOPI;205;ZOPC;KL1;;9;90204;;;;;;
4901;KL19007  C13;ZOPI;206;ZOPC;KL1;;9;90205;;;;;;
4901;KL19007  C14;ZOPI;207;ZOPC;KL1;;9;90206;;;;;;
4901;KL19007  C15;ZOPI;208;ZOPC;KL1;;9;90207;;;;;;
4901;KL19007  D01;ZOPI;209;ZOPC;KL1;;9;90208;;;;;;
4901;KL19007  D02;ZOPI;210;ZOPC;KL1;;9;90209;;;;;;
4901;KL19007  D03;ZOPI;211;ZOPC;KL1;;9;90210;;;;;;
4901;KL19007  D04;ZOPI;212;ZOPC;KL1;;9;90211;;;;;;
4901;KL19007  D05;ZOPI;213;ZOPC;KL1;;9;90212;;;;;;
4901;KL19007  D06;ZOPI;214;ZOPC;KL1;;9;90213;;;;;;
4901;KL19007  D07;ZOPI;215;ZOPC;KL1;;9;90214;;;;;;
4901;KL19007  D08;ZOPI;216;ZOPC;KL1;;9;90215;;;;;;
4901;KL19007  D09;ZOPI;217;ZOPC;KL1;;9;90216;;;;;;
4901;KL19007  D10;ZOPI;218;ZOPC;KL1;;9;90217;;;;;;
4901;KL19007  D11;ZOPI;219;ZOPC;KL1;;9;90218;;;;;;
4901;KL19007  D12;ZOPI;220;ZOPC;KL1;;9;90219;;;;;;
4901;KL19007  D13;ZOPI;221;ZOPC;KL1;;9;90220;;;;;;
4901;KL19007  D14;ZOPI;222;ZOPC;KL1;;9;90221;;;;;;
4901;KL19007  D15;ZOPI;223;ZOPC;KL1;;9;90222;;;;;;
4901;KL19007  E01;ZOPI;224;ZOPC;KL1;;9;90223;;;;;;
4901;KL19007  E02;ZOPI;225;ZOPC;KL1;;9;90224;;;;;;
4901;KL19007  E03;ZOPI;226;ZOPC;KL1;;9;90225;;;;;;
4901;KL19007  E04;ZOPI;227;ZOPC;KL1;;9;90226;;;;;;
4901;KL19007  E05;ZOPI;228;ZOPC;KL1;;9;90227;;;;;;
4901;KL19007  E06;ZOPI;229;ZOPC;KL1;;9;90228;;;;;;
4901;KL19007  E07;ZOPI;230;ZOPC;KL1;;9;90229;;;;;;
4901;KL19007  E08;ZOPI;231;ZOPC;KL1;;9;90230;;;;;;
4901;KL19007  E09;ZOPI;232;ZOPC;KL1;;9;90231;;;;;;
4901;KL19007  E10;ZOPI;233;ZOPC;KL1;;9;90232;;;;;;
4901;KL19007  E11;ZOPI;234;ZOPC;KL1;;9;90233;;;;;;
4901;KL19007  E12;ZOPI;235;ZOPC;KL1;;9;90234;;;;;;
4901;KL19007  E13;ZOPI;236;ZOPC;KL1;;9;90235;;;;;;
4901;KL19007  E14;ZOPI;237;ZOPC;KL1;;9;90236;;;;;;
4901;KL19007  E15;ZOPI;238;ZOPC;KL1;;9;90237;;;;;;
4901;KL19008  A01;ZOPI;239;ZOPC;KL1;;9;90238;;;;;;
4901;KL19008  A02;ZOPI;240;ZOPC;KL1;;9;90239;;;;;;
4901;KL19008  A03;ZOPI;241;ZOPC;KL1;;9;90240;;;;;;
4901;KL19008  A04;ZOPI;242;ZOPC;KL1;;9;90241;;;;;;
4901;KL19008  P01;ZOPI;243;ZOPC;KL1;;9;90242;;;;;;
4901;KL19009  A01;ZOPI;244;ZOPC;KL1;;9;90243;;;;;;
4901;KL19009  A02;ZOPI;245;ZOPC;KL1;;9;90244;;;;;;
4901;KL19009  A03;ZOPI;246;ZOPC;KL1;;9;90245;;;;;;
4901;KL19009  A04;ZOPI;247;ZOPC;KL1;;9;90246;;;;;;
4901;KL19009  A05;ZOPI;248;ZOPC;KL1;;9;90247;;;;;;
4901;KL19009  A06;ZOPI;249;ZOPC;KL1;;9;90248;;;;;;
4901;KL19009  A07;ZOPI;250;ZOPC;KL1;;9;90249;;;;;;
4901;KL19009  A08;ZOPI;251;ZOPC;KL1;;9;90250;;;;;;
4901;KL19009  A09;ZOPI;252;ZOPC;KL1;;9;90251;;;;;;
4901;KL19009  A10;ZOPI;253;ZOPC;KL1;;9;90252;;;;;;
4901;KL19009  A11;ZOPI;254;ZOPC;KL1;;9;90253;;;;;;
4901;KL19009  A12;ZOPI;255;ZOPC;KL1;;9;90254;;;;;;
4901;KL19009  A13;ZOPI;256;ZOPC;KL1;;9;90255;;;;;;
4901;KL19009  A14;ZOPI;257;ZOPC;KL1;;9;90256;;;;;;
4901;KL19009  A15;ZOPI;258;ZOPC;KL1;;9;90257;;;;;;
4901;KL19009  B01;ZOPI;259;ZOPC;KL1;;9;90258;;;;;;
4901;KL19009  B02;ZOPI;260;ZOPC;KL1;;9;90259;;;;;;
4901;KL19009  B03;ZOPI;261;ZOPC;KL1;;9;90260;;;;;;
4901;KL19009  B04;ZOPI;262;ZOPC;KL1;;9;90261;;;;;;
4901;KL19009  B05;ZOPI;263;ZOPC;KL1;;9;90262;;;;;;
4901;KL19009  B06;ZOPI;264;ZOPC;KL1;;9;90263;;;;;;
4901;KL19009  B07;ZOPI;265;ZOPC;KL1;;9;90264;;;;;;
4901;KL19009  B08;ZOPI;266;ZOPC;KL1;;9;90265;;;;;;
4901;KL19009  B09;ZOPI;267;ZOPC;KL1;;9;90266;;;;;;
4901;KL19009  B10;ZOPI;268;ZOPC;KL1;;9;90267;;;;;;
4901;KL19009  B11;ZOPI;269;ZOPC;KL1;;9;90268;;;;;;
4901;KL19009  B12;ZOPI;270;ZOPC;KL1;;9;90269;;;;;;
4901;KL19009  B13;ZOPI;271;ZOPC;KL1;;9;90270;;;;;;
4901;KL19009  B14;ZOPI;272;ZOPC;KL1;;9;90271;;;;;;
4901;KL19009  B15;ZOPI;273;ZOPC;KL1;;9;90272;;;;;;
4901;KL19009  C01;ZOPI;274;ZOPC;KL1;;9;90273;;;;;;
4901;KL19009  C02;ZOPI;275;ZOPC;KL1;;9;90274;;;;;;
4901;KL19009  C03;ZOPI;276;ZOPC;KL1;;9;90275;;;;;;
4901;KL19009  C04;ZOPI;277;ZOPC;KL1;;9;90276;;;;;;
4901;KL19009  C05;ZOPI;278;ZOPC;KL1;;9;90277;;;;;;
4901;KL19009  C06;ZOPI;279;ZOPC;KL1;;9;90278;;;;;;
4901;KL19009  C07;ZOPI;280;ZOPC;KL1;;9;90279;;;;;;
4901;KL19009  C08;ZOPI;281;ZOPC;KL1;;9;90280;;;;;;
4901;KL19009  C09;ZOPI;282;ZOPC;KL1;;9;90281;;;;;;
4901;KL19009  C10;ZOPI;283;ZOPC;KL1;;9;90282;;;;;;
4901;KL19009  C11;ZOPI;284;ZOPC;KL1;;9;90283;;;;;;
4901;KL19009  C12;ZOPI;285;ZOPC;KL1;;9;90284;;;;;;
4901;KL19009  C13;ZOPI;286;ZOPC;KL1;;9;90285;;;;;;
4901;KL19009  C14;ZOPI;287;ZOPC;KL1;;9;90286;;;;;;
4901;KL19009  C15;ZOPI;288;ZOPC;KL1;;9;90287;;;;;;
4901;KL19009  D01;ZOPI;289;ZOPC;KL1;;9;90288;;;;;;
4901;KL19009  D02;ZOPI;290;ZOPC;KL1;;9;90289;;;;;;
4901;KL19009  D03;ZOPI;291;ZOPC;KL1;;9;90290;;;;;;
4901;KL19009  D04;ZOPI;292;ZOPC;KL1;;9;90291;;;;;;
4901;KL19009  D05;ZOPI;293;ZOPC;KL1;;9;90292;;;;;;
4901;KL19009  D06;ZOPI;294;ZOPC;KL1;;9;90293;;;;;;
4901;KL19009  D07;ZOPI;295;ZOPC;KL1;;9;90294;;;;;;
4901;KL19009  D08;ZOPI;296;ZOPC;KL1;;9;90295;;;;;;
4901;KL19009  D09;ZOPI;297;ZOPC;KL1;;9;90296;;;;;;
4901;KL19009  D10;ZOPI;298;ZOPC;KL1;;9;90297;;;;;;
4901;KL19009  D11;ZOPI;299;ZOPC;KL1;;9;90298;;;;;;
4901;KL19009  D12;ZOPI;300;ZOPC;KL1;;9;90299;;;;;;
4901;KL19009  D13;ZOPI;301;ZOPC;KL1;;9;90300;;;;;;
4901;KL19009  D14;ZOPI;302;ZOPC;KL1;;9;90301;;;;;;
4901;KL19009  D15;ZOPI;303;ZOPC;KL1;;9;90302;;;;;;
4901;KL19009  E01;ZOPI;304;ZOPC;KL1;;9;90303;;;;;;
4901;KL19009  E02;ZOPI;305;ZOPC;KL1;;9;90304;;;;;;
4901;KL19009  E03;ZOPI;306;ZOPC;KL1;;9;90305;;;;;;
4901;KL19009  E04;ZOPI;307;ZOPC;KL1;;9;90306;;;;;;
4901;KL19009  E05;ZOPI;308;ZOPC;KL1;;9;90307;;;;;;
4901;KL19009  E06;ZOPI;309;ZOPC;KL1;;9;90308;;;;;;
4901;KL19009  E07;ZOPI;310;ZOPC;KL1;;9;90309;;;;;;
4901;KL19009  E08;ZOPI;311;ZOPC;KL1;;9;90310;;;;;;
4901;KL19009  E09;ZOPI;312;ZOPC;KL1;;9;90311;;;;;;
4901;KL19009  E10;ZOPI;313;ZOPC;KL1;;9;90312;;;;;;
4901;KL19009  E11;ZOPI;314;ZOPC;KL1;;9;90313;;;;;;
4901;KL19009  E12;ZOPI;315;ZOPC;KL1;;9;90314;;;;;;
4901;KL19009  E13;ZOPI;316;ZOPC;KL1;;9;90315;;;;;;
4901;KL19009  E14;ZOPI;317;ZOPC;KL1;;9;90316;;;;;;
4901;KL19009  E15;ZOPI;318;ZOPC;KL1;;9;90317;;;;;;
4901;KL19010  A01;ZOPI;319;ZOPC;KL1;;9;90318;;;;;;
4901;KL19010  A02;ZOPI;320;ZOPC;KL1;;9;90319;;;;;;
4901;KL19010  A03;ZOPI;321;ZOPC;KL1;;9;90320;;;;;;
4901;KL19010  A04;ZOPI;322;ZOPC;KL1;;9;90321;;;;;;
4901;KL19011  A01;ZOPI;323;ZOPC;KL1;;9;90322;;;;;;
4901;KL19011  A02;ZOPI;324;ZOPC;KL1;;9;90323;;;;;;
4901;KL19011  A03;ZOPI;325;ZOPC;KL1;;9;90324;;;;;;
4901;KL19011  A04;ZOPI;326;ZOPC;KL1;;9;90325;;;;;;
4901;KL19011  A05;ZOPI;327;ZOPC;KL1;;9;90326;;;;;;
4901;KL19011  A06;ZOPI;328;ZOPC;KL1;;9;90327;;;;;;
4901;KL19011  A07;ZOPI;329;ZOPC;KL1;;9;90328;;;;;;
4901;KL19011  A08;ZOPI;330;ZOPC;KL1;;9;90329;;;;;;
4901;KL19011  A09;ZOPI;331;ZOPC;KL1;;9;90330;;;;;;
4901;KL19011  A10;ZOPI;332;ZOPC;KL1;;9;90331;;;;;;
4901;KL19011  A11;ZOPI;333;ZOPC;KL1;;9;90332;;;;;;
4901;KL19011  A12;ZOPI;334;ZOPC;KL1;;9;90333;;;;;;
4901;KL19011  A13;ZOPI;335;ZOPC;KL1;;9;90334;;;;;;
4901;KL19011  A14;ZOPI;336;ZOPC;KL1;;9;90335;;;;;;
4901;KL19011  A15;ZOPI;337;ZOPC;KL1;;9;90336;;;;;;
4901;KL19011  B01;ZOPI;338;ZOPC;KL1;;9;90337;;;;;;
4901;KL19011  B02;ZOPI;339;ZOPC;KL1;;9;90338;;;;;;
4901;KL19011  B03;ZOPI;340;ZOPC;KL1;;9;90339;;;;;;
4901;KL19011  B04;ZOPI;341;ZOPC;KL1;;9;90340;;;;;;
4901;KL19011  B05;ZOPI;342;ZOPC;KL1;;9;90341;;;;;;
4901;KL19011  B06;ZOPI;343;ZOPC;KL1;;9;90342;;;;;;
4901;KL19011  B07;ZOPI;344;ZOPC;KL1;;9;90343;;;;;;
4901;KL19011  B08;ZOPI;345;ZOPC;KL1;;9;90344;;;;;;
4901;KL19011  B09;ZOPI;346;ZOPC;KL1;;9;90345;;;;;;
4901;KL19011  B10;ZOPI;347;ZOPC;KL1;;9;90346;;;;;;
4901;KL19011  B11;ZOPI;348;ZOPC;KL1;;9;90347;;;;;;
4901;KL19011  B12;ZOPI;349;ZOPC;KL1;;9;90348;;;;;;
4901;KL19011  B13;ZOPI;350;ZOPC;KL1;;9;90349;;;;;;
4901;KL19011  B14;ZOPI;351;ZOPC;KL1;;9;90350;;;;;;
4901;KL19011  B15;ZOPI;352;ZOPC;KL1;;9;90351;;;;;;
4901;KL19011  C01;ZOPI;353;ZOPC;KL1;;9;90352;;;;;;
4901;KL19011  C02;ZOPI;354;ZOPC;KL1;;9;90353;;;;;;
4901;KL19011  C03;ZOPI;355;ZOPC;KL1;;9;90354;;;;;;
4901;KL19011  C04;ZOPI;356;ZOPC;KL1;;9;90355;;;;;;
4901;KL19011  C05;ZOPI;357;ZOPC;KL1;;9;90356;;;;;;
4901;KL19011  C06;ZOPI;358;ZOPC;KL1;;9;90357;;;;;;
4901;KL19011  C07;ZOPI;359;ZOPC;KL1;;9;90358;;;;;;
4901;KL19011  C08;ZOPI;360;ZOPC;KL1;;9;90359;;;;;;
4901;KL19011  C09;ZOPI;361;ZOPC;KL1;;9;90360;;;;;;
4901;KL19011  C10;ZOPI;362;ZOPC;KL1;;9;90361;;;;;;
4901;KL19011  C11;ZOPI;363;ZOPC;KL1;;9;90362;;;;;;
4901;KL19011  C12;ZOPI;364;ZOPC;KL1;;9;90363;;;;;;
4901;KL19011  C13;ZOPI;365;ZOPC;KL1;;9;90364;;;;;;
4901;KL19011  C14;ZOPI;366;ZOPC;KL1;;9;90365;;;;;;
4901;KL19011  C15;ZOPI;367;ZOPC;KL1;;9;90366;;;;;;
4901;KL19011  D01;ZOPI;368;ZOPC;KL1;;9;90367;;;;;;
4901;KL19011  D02;ZOPI;369;ZOPC;KL1;;9;90368;;;;;;
4901;KL19011  D03;ZOPI;370;ZOPC;KL1;;9;90369;;;;;;
4901;KL19011  D04;ZOPI;371;ZOPC;KL1;;9;90370;;;;;;
4901;KL19011  D05;ZOPI;372;ZOPC;KL1;;9;90371;;;;;;
4901;KL19011  D06;ZOPI;373;ZOPC;KL1;;9;90372;;;;;;
4901;KL19011  D07;ZOPI;374;ZOPC;KL1;;9;90373;;;;;;
4901;KL19011  D08;ZOPI;375;ZOPC;KL1;;9;90374;;;;;;
4901;KL19011  D09;ZOPI;376;ZOPC;KL1;;9;90375;;;;;;
4901;KL19011  D10;ZOPI;377;ZOPC;KL1;;9;90376;;;;;;
4901;KL19011  D11;ZOPI;378;ZOPC;KL1;;9;90377;;;;;;
4901;KL19011  D12;ZOPI;379;ZOPC;KL1;;9;90378;;;;;;
4901;KL19011  D13;ZOPI;380;ZOPC;KL1;;9;90379;;;;;;
4901;KL19011  D14;ZOPI;381;ZOPC;KL1;;9;90380;;;;;;
4901;KL19011  D15;ZOPI;382;ZOPC;KL1;;9;90381;;;;;;
4901;KL19011  E01;ZOPI;383;ZOPC;KL1;;9;90382;;;;;;
4901;KL19011  E02;ZOPI;384;ZOPC;KL1;;9;90383;;;;;;
4901;KL19011  E03;ZOPI;385;ZOPC;KL1;;9;90384;;;;;;
4901;KL19011  E04;ZOPI;386;ZOPC;KL1;;9;90385;;;;;;
4901;KL19011  E05;ZOPI;387;ZOPC;KL1;;9;90386;;;;;;
4901;KL19011  E06;ZOPI;388;ZOPC;KL1;;9;90387;;;;;;
4901;KL19011  E07;ZOPI;389;ZOPC;KL1;;9;90388;;;;;;
4901;KL19011  E08;ZOPI;390;ZOPC;KL1;;9;90389;;;;;;
4901;KL19011  E09;ZOPI;391;ZOPC;KL1;;9;90390;;;;;;
4901;KL19011  E10;ZOPI;392;ZOPC;KL1;;9;90391;;;;;;
4901;KL19011  E11;ZOPI;393;ZOPC;KL1;;9;90392;;;;;;
4901;KL19011  E12;ZOPI;394;ZOPC;KL1;;9;90393;;;;;;
4901;KL19011  E13;ZOPI;395;ZOPC;KL1;;9;90394;;;;;;
4901;KL19011  E14;ZOPI;396;ZOPC;KL1;;9;90395;;;;;;
4901;KL19011  E15;ZOPI;397;ZOPC;KL1;;9;90396;;;;;;
4901;KL19012  A01;ZOPI;398;ZOPC;KL1;;9;90397;;;;;;
4901;KL19012  A02;ZOPI;399;ZOPC;KL1;;9;90398;;;;;;
4901;KL19012  A03;ZOPI;400;ZOPC;KL1;;9;90399;;;;;;
4901;KL19012  A04;ZOPI;401;ZOPC;KL1;;9;90400;;;;;;
4901;KL19013  A01;ZOPI;402;ZOPC;KL1;;9;90401;;;;;;
4901;KL19013  A02;ZOPI;403;ZOPC;KL1;;9;90402;;;;;;
4901;KL19013  A03;ZOPI;404;ZOPC;KL1;;9;90403;;;;;;
4901;KL19013  A04;ZOPI;405;ZOPC;KL1;;9;90404;;;;;;
4901;KL19013  A05;ZOPI;406;ZOPC;KL1;;9;90405;;;;;;
4901;KL19013  A06;ZOPI;407;ZOPC;KL1;;9;90406;;;;;;
4901;KL19013  A07;ZOPI;408;ZOPC;KL1;;9;90407;;;;;;
4901;KL19013  A08;ZOPI;409;ZOPC;KL1;;9;90408;;;;;;
4901;KL19013  A09;ZOPI;410;ZOPC;KL1;;9;90409;;;;;;
4901;KL19013  A10;ZOPI;411;ZOPC;KL1;;9;90410;;;;;;
4901;KL19013  A11;ZOPI;412;ZOPC;KL1;;9;90411;;;;;;
4901;KL19013  A12;ZOPI;413;ZOPC;KL1;;9;90412;;;;;;
4901;KL19013  A13;ZOPI;414;ZOPC;KL1;;9;90413;;;;;;
4901;KL19013  A14;ZOPI;415;ZOPC;KL1;;9;90414;;;;;;
4901;KL19013  A15;ZOPI;416;ZOPC;KL1;;9;90415;;;;;;
4901;KL19013  B01;ZOPI;417;ZOPC;KL1;;9;90416;;;;;;
4901;KL19013  B02;ZOPI;418;ZOPC;KL1;;9;90417;;;;;;
4901;KL19013  B03;ZOPI;419;ZOPC;KL1;;9;90418;;;;;;
4901;KL19013  B04;ZOPI;420;ZOPC;KL1;;9;90419;;;;;;
4901;KL19013  B05;ZOPI;421;ZOPC;KL1;;9;90420;;;;;;
4901;KL19013  B06;ZOPI;422;ZOPC;KL1;;9;90421;;;;;;
4901;KL19013  B07;ZOPI;423;ZOPC;KL1;;9;90422;;;;;;
4901;KL19013  B08;ZOPI;424;ZOPC;KL1;;9;90423;;;;;;
4901;KL19013  B09;ZOPI;425;ZOPC;KL1;;9;90424;;;;;;
4901;KL19013  B10;ZOPI;426;ZOPC;KL1;;9;90425;;;;;;
4901;KL19013  B11;ZOPI;427;ZOPC;KL1;;9;90426;;;;;;
4901;KL19013  B12;ZOPI;428;ZOPC;KL1;;9;90427;;;;;;
4901;KL19013  B13;ZOPI;429;ZOPC;KL1;;9;90428;;;;;;
4901;KL19013  B14;ZOPI;430;ZOPC;KL1;;9;90429;;;;;;
4901;KL19013  B15;ZOPI;431;ZOPC;KL1;;9;90430;;;;;;
4901;KL19013  C01;ZOPI;432;ZOPC;KL1;;9;90431;;;;;;
4901;KL19013  C02;ZOPI;433;ZOPC;KL1;;9;90432;;;;;;
4901;KL19013  C03;ZOPI;434;ZOPC;KL1;;9;90433;;;;;;
4901;KL19013  C04;ZOPI;435;ZOPC;KL1;;9;90434;;;;;;
4901;KL19013  C05;ZOPI;436;ZOPC;KL1;;9;90435;;;;;;
4901;KL19013  C06;ZOPI;437;ZOPC;KL1;;9;90436;;;;;;
4901;KL19013  C07;ZOPI;438;ZOPC;KL1;;9;90437;;;;;;
4901;KL19013  C08;ZOPI;439;ZOPC;KL1;;9;90438;;;;;;
4901;KL19013  C09;ZOPI;440;ZOPC;KL1;;9;90439;;;;;;
4901;KL19013  C10;ZOPI;441;ZOPC;KL1;;9;90440;;;;;;
4901;KL19013  C11;ZOPI;442;ZOPC;KL1;;9;90441;;;;;;
4901;KL19013  C12;ZOPI;443;ZOPC;KL1;;9;90442;;;;;;
4901;KL19013  C13;ZOPI;444;ZOPC;KL1;;9;90443;;;;;;
4901;KL19013  C14;ZOPI;445;ZOPC;KL1;;9;90444;;;;;;
4901;KL19013  C15;ZOPI;446;ZOPC;KL1;;9;90445;;;;;;
4901;KL19013  D01;ZOPI;447;ZOPC;KL1;;9;90446;;;;;;
4901;KL19013  D02;ZOPI;448;ZOPC;KL1;;9;90447;;;;;;
4901;KL19013  D03;ZOPI;449;ZOPC;KL1;;9;90448;;;;;;
4901;KL19013  D04;ZOPI;450;ZOPC;KL1;;9;90449;;;;;;
4901;KL19013  D05;ZOPI;451;ZOPC;KL1;;9;90450;;;;;;
4901;KL19013  D06;ZOPI;452;ZOPC;KL1;;9;90451;;;;;;
4901;KL19013  D07;ZOPI;453;ZOPC;KL1;;9;90452;;;;;;
4901;KL19013  D08;ZOPI;454;ZOPC;KL1;;9;90453;;;;;;
4901;KL19013  D09;ZOPI;455;ZOPC;KL1;;9;90454;;;;;;
4901;KL19013  D10;ZOPI;456;ZOPC;KL1;;9;90455;;;;;;
4901;KL19013  D11;ZOPI;457;ZOPC;KL1;;9;90456;;;;;;
4901;KL19013  D12;ZOPI;458;ZOPC;KL1;;9;90457;;;;;;
4901;KL19013  D13;ZOPI;459;ZOPC;KL1;;9;90458;;;;;;
4901;KL19013  D14;ZOPI;460;ZOPC;KL1;;9;90459;;;;;;
4901;KL19013  D15;ZOPI;461;ZOPC;KL1;;9;90460;;;;;;
4901;KL19013  E01;ZOPI;462;ZOPC;KL1;;9;90461;;;;;;
4901;KL19013  E02;ZOPI;463;ZOPC;KL1;;9;90462;;;;;;
4901;KL19013  E03;ZOPI;464;ZOPC;KL1;;9;90463;;;;;;
4901;KL19013  E04;ZOPI;465;ZOPC;KL1;;9;90464;;;;;;
4901;KL19013  E05;ZOPI;466;ZOPC;KL1;;9;90465;;;;;;
4901;KL19013  E06;ZOPI;467;ZOPC;KL1;;9;90466;;;;;;
4901;KL19013  E07;ZOPI;468;ZOPC;KL1;;9;90467;;;;;;
4901;KL19013  E08;ZOPI;469;ZOPC;KL1;;9;90468;;;;;;
4901;KL19013  E09;ZOPI;470;ZOPC;KL1;;9;90469;;;;;;
4901;KL19013  E10;ZOPI;471;ZOPC;KL1;;9;90470;;;;;;
4901;KL19013  E11;ZOPI;472;ZOPC;KL1;;9;90471;;;;;;
4901;KL19013  E12;ZOPI;473;ZOPC;KL1;;9;90472;;;;;;
4901;KL19013  E13;ZOPI;474;ZOPC;KL1;;9;90473;;;;;;
4901;KL19013  E14;ZOPI;475;ZOPC;KL1;;9;90474;;;;;;
4901;KL19013  E15;ZOPI;476;ZOPC;KL1;;9;90475;;;;;;
4901;KL19014  A01;ZOPI;477;ZOPC;KL1;;9;90476;;;;;;
4901;KL19014  A02;ZOPI;478;ZOPC;KL1;;9;90477;;;;;;
4901;KL19014  A03;ZOPI;479;ZOPC;KL1;;9;90478;;;;;;
4901;KL19014  A04;ZOPI;480;ZOPC;KL1;;9;90479;;;;;;
4901;KL19015  A01;ZOPI;481;ZOPC;KL1;;9;90480;;;;;;
4901;KL19015  A02;ZOPI;482;ZOPC;KL1;;9;90481;;;;;;
4901;KL19015  A03;ZOPI;483;ZOPC;KL1;;9;90482;;;;;;
4901;KL19015  A04;ZOPI;484;ZOPC;KL1;;9;90483;;;;;;
4901;KL19015  A05;ZOPI;485;ZOPC;KL1;;9;90484;;;;;;
4901;KL19015  A06;ZOPI;486;ZOPC;KL1;;9;90485;;;;;;
4901;KL19015  A07;ZOPI;487;ZOPC;KL1;;9;90486;;;;;;
4901;KL19015  A08;ZOPI;488;ZOPC;KL1;;9;90487;;;;;;
4901;KL19015  A09;ZOPI;489;ZOPC;KL1;;9;90488;;;;;;
4901;KL19015  A10;ZOPI;490;ZOPC;KL1;;9;90489;;;;;;
4901;KL19015  A11;ZOPI;491;ZOPC;KL1;;9;90490;;;;;;
4901;KL19015  A12;ZOPI;492;ZOPC;KL1;;9;90491;;;;;;
4901;KL19015  A13;ZOPI;493;ZOPC;KL1;;9;90492;;;;;;
4901;KL19015  A14;ZOPI;494;ZOPC;KL1;;9;90493;;;;;;
4901;KL19015  A15;ZOPI;495;ZOPC;KL1;;9;90494;;;;;;
4901;KL19015  B01;ZOPI;496;ZOPC;KL1;;9;90495;;;;;;
4901;KL19015  B02;ZOPI;497;ZOPC;KL1;;9;90496;;;;;;
4901;KL19015  B03;ZOPI;498;ZOPC;KL1;;9;90497;;;;;;
4901;KL19015  B04;ZOPI;499;ZOPC;KL1;;9;90498;;;;;;
4901;KL19015  B05;ZOPI;500;ZOPC;KL1;;9;90499;;;;;;
4901;KL19015  B06;ZOPI;501;ZOPC;KL1;;9;90500;;;;;;
4901;KL19015  B07;ZOPI;502;ZOPC;KL1;;9;90501;;;;;;
4901;KL19015  B08;ZOPI;503;ZOPC;KL1;;9;90502;;;;;;
4901;KL19015  B09;ZOPI;504;ZOPC;KL1;;9;90503;;;;;;
4901;KL19015  B10;ZOPI;505;ZOPC;KL1;;9;90504;;;;;;
4901;KL19015  B11;ZOPI;506;ZOPC;KL1;;9;90505;;;;;;
4901;KL19015  B12;ZOPI;507;ZOPC;KL1;;9;90506;;;;;;
4901;KL19015  B13;ZOPI;508;ZOPC;KL1;;9;90507;;;;;;
4901;KL19015  B14;ZOPI;509;ZOPC;KL1;;9;90508;;;;;;
4901;KL19015  B15;ZOPI;510;ZOPC;KL1;;9;90509;;;;;;
4901;KL19015  C01;ZOPI;511;ZOPC;KL1;;9;90510;;;;;;
4901;KL19015  C02;ZOPI;512;ZOPC;KL1;;9;90511;;;;;;
4901;KL19015  C03;ZOPI;513;ZOPC;KL1;;9;90512;;;;;;
4901;KL19015  C04;ZOPI;514;ZOPC;KL1;;9;90513;;;;;;
4901;KL19015  C05;ZOPI;515;ZOPC;KL1;;9;90514;;;;;;
4901;KL19015  C06;ZOPI;516;ZOPC;KL1;;9;90515;;;;;;
4901;KL19015  C07;ZOPI;517;ZOPC;KL1;;9;90516;;;;;;
4901;KL19015  C08;ZOPI;518;ZOPC;KL1;;9;90517;;;;;;
4901;KL19015  C09;ZOPI;519;ZOPC;KL1;;9;90518;;;;;;
4901;KL19015  C10;ZOPI;520;ZOPC;KL1;;9;90519;;;;;;
4901;KL19015  C11;ZOPI;521;ZOPC;KL1;;9;90520;;;;;;
4901;KL19015  C12;ZOPI;522;ZOPC;KL1;;9;90521;;;;;;
4901;KL19015  C13;ZOPI;523;ZOPC;KL1;;9;90522;;;;;;
4901;KL19015  C14;ZOPI;524;ZOPC;KL1;;9;90523;;;;;;
4901;KL19015  C15;ZOPI;525;ZOPC;KL1;;9;90524;;;;;;
4901;KL19015  D01;ZOPI;526;ZOPC;KL1;;9;90525;;;;;;
4901;KL19015  D02;ZOPI;527;ZOPC;KL1;;9;90526;;;;;;
4901;KL19015  D03;ZOPI;528;ZOPC;KL1;;9;90527;;;;;;
4901;KL19015  D04;ZOPI;529;ZOPC;KL1;;9;90528;;;;;;
4901;KL19015  D05;ZOPI;530;ZOPC;KL1;;9;90529;;;;;;
4901;KL19015  D06;ZOPI;531;ZOPC;KL1;;9;90530;;;;;;
4901;KL19015  D07;ZOPI;532;ZOPC;KL1;;9;90531;;;;;;
4901;KL19015  D08;ZOPI;533;ZOPC;KL1;;9;90532;;;;;;
4901;KL19015  D09;ZOPI;534;ZOPC;KL1;;9;90533;;;;;;
4901;KL19015  D10;ZOPI;535;ZOPC;KL1;;9;90534;;;;;;
4901;KL19015  D11;ZOPI;536;ZOPC;KL1;;9;90535;;;;;;
4901;KL19015  D12;ZOPI;537;ZOPC;KL1;;9;90536;;;;;;
4901;KL19015  D13;ZOPI;538;ZOPC;KL1;;9;90537;;;;;;
4901;KL19015  D14;ZOPI;539;ZOPC;KL1;;9;90538;;;;;;
4901;KL19015  D15;ZOPI;540;ZOPC;KL1;;9;90539;;;;;;
4901;KL19015  E01;ZOPI;541;ZOPC;KL1;;9;90540;;;;;;
4901;KL19015  E02;ZOPI;542;ZOPC;KL1;;9;90541;;;;;;
4901;KL19015  E03;ZOPI;543;ZOPC;KL1;;9;90542;;;;;;
4901;KL19015  E04;ZOPI;544;ZOPC;KL1;;9;90543;;;;;;
4901;KL19015  E05;ZOPI;545;ZOPC;KL1;;9;90544;;;;;;
4901;KL19015  E06;ZOPI;546;ZOPC;KL1;;9;90545;;;;;;
4901;KL19015  E07;ZOPI;547;ZOPC;KL1;;9;90546;;;;;;
4901;KL19015  E08;ZOPI;548;ZOPC;KL1;;9;90547;;;;;;
4901;KL19015  E09;ZOPI;549;ZOPC;KL1;;9;90548;;;;;;
4901;KL19015  E10;ZOPI;550;ZOPC;KL1;;9;90549;;;;;;
4901;KL19015  E11;ZOPI;551;ZOPC;KL1;;9;90550;;;;;;
4901;KL19015  E12;ZOPI;552;ZOPC;KL1;;9;90551;;;;;;
4901;KL19015  E13;ZOPI;553;ZOPC;KL1;;9;90552;;;;;;
4901;KL19015  E14;ZOPI;554;ZOPC;KL1;;9;90553;;;;;;
4901;KL19015  E15;ZOPI;555;ZOPC;KL1;;9;90554;;;;;;
4901;KL19016  A01;ZOPI;556;ZOPC;KL1;;9;90555;;;;;;
4901;KL19016  A02;ZOPI;557;ZOPC;KL1;;9;90556;;;;;;
4901;KL19016  A03;ZOPI;558;ZOPC;KL1;;9;90557;;;;;;
4901;KL19017  A01;ZOPI;559;ZOPC;KL1;;9;90558;;;;;;
4901;KL19017  A02;ZOPI;560;ZOPC;KL1;;9;90559;;;;;;
4901;KL19017  A03;ZOPI;561;ZOPC;KL1;;9;90560;;;;;;
4901;KL19017  A04;ZOPI;562;ZOPC;KL1;;9;90561;;;;;;
4901;KL19017  A05;ZOPI;563;ZOPC;KL1;;9;90562;;;;;;
4901;KL19017  A06;ZOPI;564;ZOPC;KL1;;9;90563;;;;;;
4901;KL19017  A07;ZOPI;565;ZOPC;KL1;;9;90564;;;;;;
4901;KL19017  A08;ZOPI;566;ZOPC;KL1;;9;90565;;;;;;
4901;KL19017  A09;ZOPI;567;ZOPC;KL1;;9;90566;;;;;;
4901;KL19017  A10;ZOPI;568;ZOPC;KL1;;9;90567;;;;;;
4901;KL19017  A11;ZOPI;569;ZOPC;KL1;;9;90568;;;;;;
4901;KL19017  A12;ZOPI;570;ZOPC;KL1;;9;90569;;;;;;
4901;KL19017  A13;ZOPI;571;ZOPC;KL1;;9;90570;;;;;;
4901;KL19017  A14;ZOPI;572;ZOPC;KL1;;9;90571;;;;;;
4901;KL19017  A15;ZOPI;573;ZOPC;KL1;;9;90572;;;;;;
4901;KL19017  B01;ZOPI;574;ZOPC;KL1;;9;90573;;;;;;
4901;KL19017  B02;ZOPI;575;ZOPC;KL1;;9;90574;;;;;;
4901;KL19017  B03;ZOPI;576;ZOPC;KL1;;9;90575;;;;;;
4901;KL19017  B04;ZOPI;577;ZOPC;KL1;;9;90576;;;;;;
4901;KL19017  B05;ZOPI;578;ZOPC;KL1;;9;90577;;;;;;
4901;KL19017  B06;ZOPI;579;ZOPC;KL1;;9;90578;;;;;;
4901;KL19017  B07;ZOPI;580;ZOPC;KL1;;9;90579;;;;;;
4901;KL19017  B08;ZOPI;581;ZOPC;KL1;;9;90580;;;;;;
4901;KL19017  B09;ZOPI;582;ZOPC;KL1;;9;90581;;;;;;
4901;KL19017  B10;ZOPI;583;ZOPC;KL1;;9;90582;;;;;;
4901;KL19017  B11;ZOPI;584;ZOPC;KL1;;9;90583;;;;;;
4901;KL19017  B12;ZOPI;585;ZOPC;KL1;;9;90584;;;;;;
4901;KL19017  B13;ZOPI;586;ZOPC;KL1;;9;90585;;;;;;
4901;KL19017  B14;ZOPI;587;ZOPC;KL1;;9;90586;;;;;;
4901;KL19017  B15;ZOPI;588;ZOPC;KL1;;9;90587;;;;;;
4901;KL19017  C01;ZOPI;589;ZOPC;KL1;;9;90588;;;;;;
4901;KL19017  C02;ZOPI;590;ZOPC;KL1;;9;90589;;;;;;
4901;KL19017  C03;ZOPI;591;ZOPC;KL1;;9;90590;;;;;;
4901;KL19017  C04;ZOPI;592;ZOPC;KL1;;9;90591;;;;;;
4901;KL19017  C05;ZOPI;593;ZOPC;KL1;;9;90592;;;;;;
4901;KL19017  C06;ZOPI;594;ZOPC;KL1;;9;90593;;;;;;
4901;KL19017  C07;ZOPI;595;ZOPC;KL1;;9;90594;;;;;;
4901;KL19017  C08;ZOPI;596;ZOPC;KL1;;9;90595;;;;;;
4901;KL19017  C09;ZOPI;597;ZOPC;KL1;;9;90596;;;;;;
4901;KL19017  C10;ZOPI;598;ZOPC;KL1;;9;90597;;;;;;
4901;KL19017  C11;ZOPI;599;ZOPC;KL1;;9;90598;;;;;;
4901;KL19017  C12;ZOPI;600;ZOPC;KL1;;9;90599;;;;;;
4901;KL19017  C13;ZOPI;601;ZOPC;KL1;;9;90600;;;;;;
4901;KL19017  C14;ZOPI;602;ZOPC;KL1;;9;90601;;;;;;
4901;KL19017  C15;ZOPI;603;ZOPC;KL1;;9;90602;;;;;;
4901;KL19017  D01;ZOPI;604;ZOPC;KL1;;9;90603;;;;;;
4901;KL19017  D02;ZOPI;605;ZOPC;KL1;;9;90604;;;;;;
4901;KL19017  D03;ZOPI;606;ZOPC;KL1;;9;90605;;;;;;
4901;KL19017  D04;ZOPI;607;ZOPC;KL1;;9;90606;;;;;;
4901;KL19017  D05;ZOPI;608;ZOPC;KL1;;9;90607;;;;;;
4901;KL19017  D06;ZOPI;609;ZOPC;KL1;;9;90608;;;;;;
4901;KL19017  D07;ZOPI;610;ZOPC;KL1;;9;90609;;;;;;
4901;KL19017  D08;ZOPI;611;ZOPC;KL1;;9;90610;;;;;;
4901;KL19017  D09;ZOPI;612;ZOPC;KL1;;9;90611;;;;;;
4901;KL19017  D10;ZOPI;613;ZOPC;KL1;;9;90612;;;;;;
4901;KL19017  D11;ZOPI;614;ZOPC;KL1;;9;90613;;;;;;
4901;KL19017  D12;ZOPI;615;ZOPC;KL1;;9;90614;;;;;;
4901;KL19017  D13;ZOPI;616;ZOPC;KL1;;9;90615;;;;;;
4901;KL19017  D14;ZOPI;617;ZOPC;KL1;;9;90616;;;;;;
4901;KL19017  D15;ZOPI;618;ZOPC;KL1;;9;90617;;;;;;
4901;KL19017  E01;ZOPI;619;ZOPC;KL1;;9;90618;;;;;;
4901;KL19017  E02;ZOPI;620;ZOPC;KL1;;9;90619;;;;;;
4901;KL19017  E03;ZOPI;621;ZOPC;KL1;;9;90620;;;;;;
4901;KL19017  E04;ZOPI;622;ZOPC;KL1;;9;90621;;;;;;
4901;KL19017  E05;ZOPI;623;ZOPC;KL1;;9;90622;;;;;;
4901;KL19017  E06;ZOPI;624;ZOPC;KL1;;9;90623;;;;;;
4901;KL19017  E07;ZOPI;625;ZOPC;KL1;;9;90624;;;;;;
4901;KL19017  E08;ZOPI;626;ZOPC;KL1;;9;90625;;;;;;
4901;KL19017  E09;ZOPI;627;ZOPC;KL1;;9;90626;;;;;;
4901;KL19017  E10;ZOPI;628;ZOPC;KL1;;9;90627;;;;;;
4901;KL19017  E11;ZOPI;629;ZOPC;KL1;;9;90628;;;;;;
4901;KL19017  E12;ZOPI;630;ZOPC;KL1;;9;90629;;;;;;
4901;KL19017  E13;ZOPI;631;ZOPC;KL1;;9;90630;;;;;;
4901;KL19017  E14;ZOPI;632;ZOPC;KL1;;9;90631;;;;;;
4901;KL19017  E15;ZOPI;633;ZOPC;KL1;;9;90632;;;;;;
4901;KL19018  A01;ZOPI;634;ZOPC;KL1;;9;90633;;;;;;
4901;KL19018  A02;ZOPI;635;ZOPC;KL1;;9;90634;;;;;;
4901;KL19018  A03;ZOPI;636;ZOPC;KL1;;9;90635;;;;;;
4901;KL19018  A04;ZOPI;637;ZOPC;KL1;;9;90636;;;;;;
4901;KL19019  A01;ZOPI;638;ZOPC;KL1;;9;90637;;;;;;
4901;KL19019  A02;ZOPI;639;ZOPC;KL1;;9;90638;;;;;;
4901;KL19019  A03;ZOPI;640;ZOPC;KL1;;9;90639;;;;;;
4901;KL19019  A04;ZOPI;641;ZOPC;KL1;;9;90640;;;;;;
4901;KL19019  A05;ZOPI;642;ZOPC;KL1;;9;90641;;;;;;
4901;KL19019  A06;ZOPI;643;ZOPC;KL1;;9;90642;;;;;;
4901;KL19019  A07;ZOPI;644;ZOPC;KL1;;9;90643;;;;;;
4901;KL19019  A08;ZOPI;645;ZOPC;KL1;;9;90644;;;;;;
4901;KL19019  A09;ZOPI;646;ZOPC;KL1;;9;90645;;;;;;
4901;KL19019  A10;ZOPI;647;ZOPC;KL1;;9;90646;;;;;;
4901;KL19019  A11;ZOPI;648;ZOPC;KL1;;9;90647;;;;;;
4901;KL19019  A12;ZOPI;649;ZOPC;KL1;;9;90648;;;;;;
4901;KL19019  A13;ZOPI;650;ZOPC;KL1;;9;90649;;;;;;
4901;KL19019  A14;ZOPI;651;ZOPC;KL1;;9;90650;;;;;;
4901;KL19019  A15;ZOPI;652;ZOPC;KL1;;9;90651;;;;;;
4901;KL19019  B01;ZOPI;653;ZOPC;KL1;;9;90652;;;;;;
4901;KL19019  B02;ZOPI;654;ZOPC;KL1;;9;90653;;;;;;
4901;KL19019  B03;ZOPI;655;ZOPC;KL1;;9;90654;;;;;;
4901;KL19019  B04;ZOPI;656;ZOPC;KL1;;9;90655;;;;;;
4901;KL19019  B05;ZOPI;657;ZOPC;KL1;;9;90656;;;;;;
4901;KL19019  B06;ZOPI;658;ZOPC;KL1;;9;90657;;;;;;
4901;KL19019  B07;ZOPI;659;ZOPC;KL1;;9;90658;;;;;;
4901;KL19019  B08;ZOPI;660;ZOPC;KL1;;9;90659;;;;;;
4901;KL19019  B09;ZOPI;661;ZOPC;KL1;;9;90660;;;;;;
4901;KL19019  B10;ZOPI;662;ZOPC;KL1;;9;90661;;;;;;
4901;KL19019  B11;ZOPI;663;ZOPC;KL1;;9;90662;;;;;;
4901;KL19019  B12;ZOPI;664;ZOPC;KL1;;9;90663;;;;;;
4901;KL19019  B13;ZOPI;665;ZOPC;KL1;;9;90664;;;;;;
4901;KL19019  B14;ZOPI;666;ZOPC;KL1;;9;90665;;;;;;
4901;KL19019  B15;ZOPI;667;ZOPC;KL1;;9;90666;;;;;;
4901;KL19019  C01;ZOPI;668;ZOPC;KL1;;9;90667;;;;;;
4901;KL19019  C02;ZOPI;669;ZOPC;KL1;;9;90668;;;;;;
4901;KL19019  C03;ZOPI;670;ZOPC;KL1;;9;90669;;;;;;
4901;KL19019  C04;ZOPI;671;ZOPC;KL1;;9;90670;;;;;;
4901;KL19019  C05;ZOPI;672;ZOPC;KL1;;9;90671;;;;;;
4901;KL19019  C06;ZOPI;673;ZOPC;KL1;;9;90672;;;;;;
4901;KL19019  C07;ZOPI;674;ZOPC;KL1;;9;90673;;;;;;
4901;KL19019  C08;ZOPI;675;ZOPC;KL1;;9;90674;;;;;;
4901;KL19019  C09;ZOPI;676;ZOPC;KL1;;9;90675;;;;;;
4901;KL19019  C10;ZOPI;677;ZOPC;KL1;;9;90676;;;;;;
4901;KL19019  C11;ZOPI;678;ZOPC;KL1;;9;90677;;;;;;
4901;KL19019  C12;ZOPI;679;ZOPC;KL1;;9;90678;;;;;;
4901;KL19019  C13;ZOPI;680;ZOPC;KL1;;9;90679;;;;;;
4901;KL19019  C14;ZOPI;681;ZOPC;KL1;;9;90680;;;;;;
4901;KL19019  C15;ZOPI;682;ZOPC;KL1;;9;90681;;;;;;
4901;KL19019  D01;ZOPI;683;ZOPC;KL1;;9;90682;;;;;;
4901;KL19019  D02;ZOPI;684;ZOPC;KL1;;9;90683;;;;;;
4901;KL19019  D03;ZOPI;685;ZOPC;KL1;;9;90684;;;;;;
4901;KL19019  D04;ZOPI;686;ZOPC;KL1;;9;90685;;;;;;
4901;KL19019  D05;ZOPI;687;ZOPC;KL1;;9;90686;;;;;;
4901;KL19019  D06;ZOPI;688;ZOPC;KL1;;9;90687;;;;;;
4901;KL19019  D07;ZOPI;689;ZOPC;KL1;;9;90688;;;;;;
4901;KL19019  D08;ZOPI;690;ZOPC;KL1;;9;90689;;;;;;
4901;KL19019  D09;ZOPI;691;ZOPC;KL1;;9;90690;;;;;;
4901;KL19019  D10;ZOPI;692;ZOPC;KL1;;9;90691;;;;;;
4901;KL19019  D11;ZOPI;693;ZOPC;KL1;;9;90692;;;;;;
4901;KL19019  D12;ZOPI;694;ZOPC;KL1;;9;90693;;;;;;
4901;KL19019  D13;ZOPI;695;ZOPC;KL1;;9;90694;;;;;;
4901;KL19019  D14;ZOPI;696;ZOPC;KL1;;9;90695;;;;;;
4901;KL19019  D15;ZOPI;697;ZOPC;KL1;;9;90696;;;;;;
4901;KL19019  E01;ZOPI;698;ZOPC;KL1;;9;90697;;;;;;
4901;KL19019  E02;ZOPI;699;ZOPC;KL1;;9;90698;;;;;;
4901;KL19019  E03;ZOPI;700;ZOPC;KL1;;9;90699;;;;;;
4901;KL19019  E04;ZOPI;701;ZOPC;KL1;;9;90700;;;;;;
4901;KL19019  E05;ZOPI;702;ZOPC;KL1;;9;90701;;;;;;
4901;KL19019  E06;ZOPI;703;ZOPC;KL1;;9;90702;;;;;;
4901;KL19019  E07;ZOPI;704;ZOPC;KL1;;9;90703;;;;;;
4901;KL19019  E08;ZOPI;705;ZOPC;KL1;;9;90704;;;;;;
4901;KL19019  E09;ZOPI;706;ZOPC;KL1;;9;90705;;;;;;
4901;KL19019  E10;ZOPI;707;ZOPC;KL1;;9;90706;;;;;;
4901;KL19019  E11;ZOPI;708;ZOPC;KL1;;9;90707;;;;;;
4901;KL19019  E12;ZOPI;709;ZOPC;KL1;;9;90708;;;;;;
4901;KL19019  E13;ZOPI;710;ZOPC;KL1;;9;90709;;;;;;
4901;KL19019  E14;ZOPI;711;ZOPC;KL1;;9;90710;;;;;;
4901;KL19019  E15;ZOPI;712;ZOPC;KL1;;9;90711;;;;;;
4901;KL19020  A01;ZOPI;713;ZOPC;KL1;;9;90712;;;;;;
4901;KL19020  A02;ZOPI;714;ZOPC;KL1;;9;90713;;;;;;
4901;KL19020  A03;ZOPI;715;ZOPC;KL1;;9;90714;;;;;;
4901;KL19020  A04;ZOPI;716;ZOPC;KL1;;9;90715;;;;;;
4901;KL19021  A01;ZOPI;717;ZOPC;KL1;;9;90716;;;;;;
4901;KL19021  A02;ZOPI;718;ZOPC;KL1;;9;90717;;;;;;
4901;KL19021  A03;ZOPI;719;ZOPC;KL1;;9;90718;;;;;;
4901;KL19021  A04;ZOPI;720;ZOPC;KL1;;9;90719;;;;;;
4901;KL19021  A05;ZOPI;721;ZOPC;KL1;;9;90720;;;;;;
4901;KL19021  A06;ZOPI;722;ZOPC;KL1;;9;90721;;;;;;
4901;KL19021  A07;ZOPI;723;ZOPC;KL1;;9;90722;;;;;;
4901;KL19021  A08;ZOPI;724;ZOPC;KL1;;9;90723;;;;;;
4901;KL19021  A09;ZOPI;725;ZOPC;KL1;;9;90724;;;;;;
4901;KL19021  A10;ZOPI;726;ZOPC;KL1;;9;90725;;;;;;
4901;KL19021  A11;ZOPI;727;ZOPC;KL1;;9;90726;;;;;;
4901;KL19021  A12;ZOPI;728;ZOPC;KL1;;9;90727;;;;;;
4901;KL19021  A13;ZOPI;729;ZOPC;KL1;;9;90728;;;;;;
4901;KL19021  A14;ZOPI;730;ZOPC;KL1;;9;90729;;;;;;
4901;KL19021  A15;ZOPI;731;ZOPC;KL1;;9;90730;;;;;;
4901;KL19021  B01;ZOPI;732;ZOPC;KL1;;9;90731;;;;;;
4901;KL19021  B02;ZOPI;733;ZOPC;KL1;;9;90732;;;;;;
4901;KL19021  B03;ZOPI;734;ZOPC;KL1;;9;90733;;;;;;
4901;KL19021  B04;ZOPI;735;ZOPC;KL1;;9;90734;;;;;;
4901;KL19021  B05;ZOPI;736;ZOPC;KL1;;9;90735;;;;;;
4901;KL19021  B06;ZOPI;737;ZOPC;KL1;;9;90736;;;;;;
4901;KL19021  B07;ZOPI;738;ZOPC;KL1;;9;90737;;;;;;
4901;KL19021  B08;ZOPI;739;ZOPC;KL1;;9;90738;;;;;;
4901;KL19021  B09;ZOPI;740;ZOPC;KL1;;9;90739;;;;;;
4901;KL19021  B10;ZOPI;741;ZOPC;KL1;;9;90740;;;;;;
4901;KL19021  B11;ZOPI;742;ZOPC;KL1;;9;90741;;;;;;
4901;KL19021  B12;ZOPI;743;ZOPC;KL1;;9;90742;;;;;;
4901;KL19021  B13;ZOPI;744;ZOPC;KL1;;9;90743;;;;;;
4901;KL19021  B14;ZOPI;745;ZOPC;KL1;;9;90744;;;;;;
4901;KL19021  B15;ZOPI;746;ZOPC;KL1;;9;90745;;;;;;
4901;KL19021  C01;ZOPI;747;ZOPC;KL1;;9;90746;;;;;;
4901;KL19021  C02;ZOPI;748;ZOPC;KL1;;9;90747;;;;;;
4901;KL19021  C03;ZOPI;749;ZOPC;KL1;;9;90748;;;;;;
4901;KL19021  C04;ZOPI;750;ZOPC;KL1;;9;90749;;;;;;
4901;KL19021  C05;ZOPI;751;ZOPC;KL1;;9;90750;;;;;;
4901;KL19021  C06;ZOPI;752;ZOPC;KL1;;9;90751;;;;;;
4901;KL19021  C07;ZOPI;753;ZOPC;KL1;;9;90752;;;;;;
4901;KL19021  C08;ZOPI;754;ZOPC;KL1;;9;90753;;;;;;
4901;KL19021  C09;ZOPI;755;ZOPC;KL1;;9;90754;;;;;;
4901;KL19021  C10;ZOPI;756;ZOPC;KL1;;9;90755;;;;;;
4901;KL19021  C11;ZOPI;757;ZOPC;KL1;;9;90756;;;;;;
4901;KL19021  C12;ZOPI;758;ZOPC;KL1;;9;90757;;;;;;
4901;KL19021  C13;ZOPI;759;ZOPC;KL1;;9;90758;;;;;;
4901;KL19021  C14;ZOPI;760;ZOPC;KL1;;9;90759;;;;;;
4901;KL19021  C15;ZOPI;761;ZOPC;KL1;;9;90760;;;;;;
4901;KL19021  D01;ZOPI;762;ZOPC;KL1;;9;90761;;;;;;
4901;KL19021  D02;ZOPI;763;ZOPC;KL1;;9;90762;;;;;;
4901;KL19021  D03;ZOPI;764;ZOPC;KL1;;9;90763;;;;;;
4901;KL19021  D04;ZOPI;765;ZOPC;KL1;;9;90764;;;;;;
4901;KL19021  D05;ZOPI;766;ZOPC;KL1;;9;90765;;;;;;
4901;KL19021  D06;ZOPI;767;ZOPC;KL1;;9;90766;;;;;;
4901;KL19021  D07;ZOPI;768;ZOPC;KL1;;9;90767;;;;;;
4901;KL19021  D08;ZOPI;769;ZOPC;KL1;;9;90768;;;;;;
4901;KL19021  D09;ZOPI;770;ZOPC;KL1;;9;90769;;;;;;
4901;KL19021  D10;ZOPI;771;ZOPC;KL1;;9;90770;;;;;;
4901;KL19021  D11;ZOPI;772;ZOPC;KL1;;9;90771;;;;;;
4901;KL19021  D12;ZOPI;773;ZOPC;KL1;;9;90772;;;;;;
4901;KL19021  D13;ZOPI;774;ZOPC;KL1;;9;90773;;;;;;
4901;KL19021  D14;ZOPI;775;ZOPC;KL1;;9;90774;;;;;;
4901;KL19021  D15;ZOPI;776;ZOPC;KL1;;9;90775;;;;;;
4901;KL19021  E01;ZOPI;777;ZOPC;KL1;;9;90776;;;;;;
4901;KL19021  E02;ZOPI;778;ZOPC;KL1;;9;90777;;;;;;
4901;KL19021  E03;ZOPI;779;ZOPC;KL1;;9;90778;;;;;;
4901;KL19021  E04;ZOPI;780;ZOPC;KL1;;9;90779;;;;;;
4901;KL19021  E05;ZOPI;781;ZOPC;KL1;;9;90780;;;;;;
4901;KL19021  E06;ZOPI;782;ZOPC;KL1;;9;90781;;;;;;
4901;KL19021  E07;ZOPI;783;ZOPC;KL1;;9;90782;;;;;;
4901;KL19021  E08;ZOPI;784;ZOPC;KL1;;9;90783;;;;;;
4901;KL19021  E09;ZOPI;785;ZOPC;KL1;;9;90784;;;;;;
4901;KL19021  E10;ZOPI;786;ZOPC;KL1;;9;90785;;;;;;
4901;KL19021  E11;ZOPI;787;ZOPC;KL1;;9;90786;;;;;;
4901;KL19021  E12;ZOPI;788;ZOPC;KL1;;9;90787;;;;;;
4901;KL19021  E13;ZOPI;789;ZOPC;KL1;;9;90788;;;;;;
4901;KL19021  E14;ZOPI;790;ZOPC;KL1;;9;90789;;;;;;
4901;KL19021  E15;ZOPI;791;ZOPC;KL1;;9;90790;;;;;;
4901;KL19022  A01;ZOPI;792;ZOPC;KL1;;9;90791;;;;;;
4901;KL19022  A02;ZOPI;793;ZOPC;KL1;;9;90792;;;;;;
4901;KL19022  A03;ZOPI;794;ZOPC;KL1;;9;90793;;;;;;
4901;KL19022  A04;ZOPI;795;ZOPC;KL1;;9;90794;;;;;;
4901;KL19023  A01;ZOPI;796;ZOPC;KL1;;9;90795;;;;;;
4901;KL19023  A02;ZOPI;797;ZOPC;KL1;;9;90796;;;;;;
4901;KL19023  A03;ZOPI;798;ZOPC;KL1;;9;90797;;;;;;
4901;KL19023  A04;ZOPI;799;ZOPC;KL1;;9;90798;;;;;;
4901;KL19023  A05;ZOPI;800;ZOPC;KL1;;9;90799;;;;;;
4901;KL19023  A06;ZOPI;801;ZOPC;KL1;;9;90800;;;;;;
4901;KL19023  A07;ZOPI;802;ZOPC;KL1;;9;90801;;;;;;
4901;KL19023  A08;ZOPI;803;ZOPC;KL1;;9;90802;;;;;;
4901;KL19023  A09;ZOPI;804;ZOPC;KL1;;9;90803;;;;;;
4901;KL19023  A10;ZOPI;805;ZOPC;KL1;;9;90804;;;;;;
4901;KL19023  A11;ZOPI;806;ZOPC;KL1;;9;90805;;;;;;
4901;KL19023  A12;ZOPI;807;ZOPC;KL1;;9;90806;;;;;;
4901;KL19023  A13;ZOPI;808;ZOPC;KL1;;9;90807;;;;;;
4901;KL19023  A14;ZOPI;809;ZOPC;KL1;;9;90808;;;;;;
4901;KL19023  A15;ZOPI;810;ZOPC;KL1;;9;90809;;;;;;
4901;KL19023  B01;ZOPI;811;ZOPC;KL1;;9;90810;;;;;;
4901;KL19023  B02;ZOPI;812;ZOPC;KL1;;9;90811;;;;;;
4901;KL19023  B03;ZOPI;813;ZOPC;KL1;;9;90812;;;;;;
4901;KL19023  B04;ZOPI;814;ZOPC;KL1;;9;90813;;;;;;
4901;KL19023  B05;ZOPI;815;ZOPC;KL1;;9;90814;;;;;;
4901;KL19023  B06;ZOPI;816;ZOPC;KL1;;9;90815;;;;;;
4901;KL19023  B07;ZOPI;817;ZOPC;KL1;;9;90816;;;;;;
4901;KL19023  B08;ZOPI;818;ZOPC;KL1;;9;90817;;;;;;
4901;KL19023  B09;ZOPI;819;ZOPC;KL1;;9;90818;;;;;;
4901;KL19023  B10;ZOPI;820;ZOPC;KL1;;9;90819;;;;;;
4901;KL19023  B11;ZOPI;821;ZOPC;KL1;;9;90820;;;;;;
4901;KL19023  B12;ZOPI;822;ZOPC;KL1;;9;90821;;;;;;
4901;KL19023  B13;ZOPI;823;ZOPC;KL1;;9;90822;;;;;;
4901;KL19023  B14;ZOPI;824;ZOPC;KL1;;9;90823;;;;;;
4901;KL19023  B15;ZOPI;825;ZOPC;KL1;;9;90824;;;;;;
4901;KL19023  C01;ZOPI;826;ZOPC;KL1;;9;90825;;;;;;
4901;KL19023  C02;ZOPI;827;ZOPC;KL1;;9;90826;;;;;;
4901;KL19023  C03;ZOPI;828;ZOPC;KL1;;9;90827;;;;;;
4901;KL19023  C04;ZOPI;829;ZOPC;KL1;;9;90828;;;;;;
4901;KL19023  C05;ZOPI;830;ZOPC;KL1;;9;90829;;;;;;
4901;KL19023  C06;ZOPI;831;ZOPC;KL1;;9;90830;;;;;;
4901;KL19023  C07;ZOPI;832;ZOPC;KL1;;9;90831;;;;;;
4901;KL19023  C08;ZOPI;833;ZOPC;KL1;;9;90832;;;;;;
4901;KL19023  C09;ZOPI;834;ZOPC;KL1;;9;90833;;;;;;
4901;KL19023  C10;ZOPI;835;ZOPC;KL1;;9;90834;;;;;;
4901;KL19023  C11;ZOPI;836;ZOPC;KL1;;9;90835;;;;;;
4901;KL19023  C12;ZOPI;837;ZOPC;KL1;;9;90836;;;;;;
4901;KL19023  C13;ZOPI;838;ZOPC;KL1;;9;90837;;;;;;
4901;KL19023  C14;ZOPI;839;ZOPC;KL1;;9;90838;;;;;;
4901;KL19023  C15;ZOPI;840;ZOPC;KL1;;9;90839;;;;;;
4901;KL19023  D01;ZOPI;841;ZOPC;KL1;;9;90840;;;;;;
4901;KL19023  D02;ZOPI;842;ZOPC;KL1;;9;90841;;;;;;
4901;KL19023  D03;ZOPI;843;ZOPC;KL1;;9;90842;;;;;;
4901;KL19023  D04;ZOPI;844;ZOPC;KL1;;9;90843;;;;;;
4901;KL19023  D05;ZOPI;845;ZOPC;KL1;;9;90844;;;;;;
4901;KL19023  D06;ZOPI;846;ZOPC;KL1;;9;90845;;;;;;
4901;KL19023  D07;ZOPI;847;ZOPC;KL1;;9;90846;;;;;;
4901;KL19023  D08;ZOPI;848;ZOPC;KL1;;9;90847;;;;;;
4901;KL19023  D09;ZOPI;849;ZOPC;KL1;;9;90848;;;;;;
4901;KL19023  D10;ZOPI;850;ZOPC;KL1;;9;90849;;;;;;
4901;KL19023  D11;ZOPI;851;ZOPC;KL1;;9;90850;;;;;;
4901;KL19023  D12;ZOPI;852;ZOPC;KL1;;9;90851;;;;;;
4901;KL19023  D13;ZOPI;853;ZOPC;KL1;;9;90852;;;;;;
4901;KL19023  D14;ZOPI;854;ZOPC;KL1;;9;90853;;;;;;
4901;KL19023  D15;ZOPI;855;ZOPC;KL1;;9;90854;;;;;;
4901;KL19023  E01;ZOPI;856;ZOPC;KL1;;9;90855;;;;;;
4901;KL19023  E02;ZOPI;857;ZOPC;KL1;;9;90856;;;;;;
4901;KL19023  E03;ZOPI;858;ZOPC;KL1;;9;90857;;;;;;
4901;KL19023  E04;ZOPI;859;ZOPC;KL1;;9;90858;;;;;;
4901;KL19023  E05;ZOPI;860;ZOPC;KL1;;9;90859;;;;;;
4901;KL19023  E06;ZOPI;861;ZOPC;KL1;;9;90860;;;;;;
4901;KL19023  E07;ZOPI;862;ZOPC;KL1;;9;90861;;;;;;
4901;KL19023  E08;ZOPI;863;ZOPC;KL1;;9;90862;;;;;;
4901;KL19023  E09;ZOPI;864;ZOPC;KL1;;9;90863;;;;;;
4901;KL19023  E10;ZOPI;865;ZOPC;KL1;;9;90864;;;;;;
4901;KL19023  E11;ZOPI;866;ZOPC;KL1;;9;90865;;;;;;
4901;KL19023  E12;ZOPI;867;ZOPC;KL1;;9;90866;;;;;;
4901;KL19023  E13;ZOPI;868;ZOPC;KL1;;9;90867;;;;;;
4901;KL19023  E14;ZOPI;869;ZOPC;KL1;;9;90868;;;;;;
4901;KL19023  E15;ZOPI;870;ZOPC;KL1;;9;90869;;;;;;
4901;KL19024  A01;ZOPI;871;ZOPC;KL1;;9;90870;;;;;;
4901;KL19024  A02;ZOPI;872;ZOPC;KL1;;9;90871;;;;;;
4901;KL19024  A03;ZOPI;873;ZOPC;KL1;;9;90872;;;;;;
4901;KL19024  A04;ZOPI;874;ZOPC;KL1;;9;90873;;;;;;
4901;KL19025  A01;ZOPI;875;ZOPC;KL1;;9;90874;;;;;;
4901;KL19025  A02;ZOPI;876;ZOPC;KL1;;9;90875;;;;;;
4901;KL19025  A03;ZOPI;877;ZOPC;KL1;;9;90876;;;;;;
4901;KL19025  A04;ZOPI;878;ZOPC;KL1;;9;90877;;;;;;
4901;KL19025  A05;ZOPI;879;ZOPC;KL1;;9;90878;;;;;;
4901;KL19025  A06;ZOPI;880;ZOPC;KL1;;9;90879;;;;;;
4901;KL19025  A07;ZOPI;881;ZOPC;KL1;;9;90880;;;;;;
4901;KL19025  A08;ZOPI;882;ZOPC;KL1;;9;90881;;;;;;
4901;KL19025  A09;ZOPI;883;ZOPC;KL1;;9;90882;;;;;;
4901;KL19025  A10;ZOPI;884;ZOPC;KL1;;9;90883;;;;;;
4901;KL19025  A11;ZOPI;885;ZOPC;KL1;;9;90884;;;;;;
4901;KL19025  A12;ZOPI;886;ZOPC;KL1;;9;90885;;;;;;
4901;KL19025  A13;ZOPI;887;ZOPC;KL1;;9;90886;;;;;;
4901;KL19025  A14;ZOPI;888;ZOPC;KL1;;9;90887;;;;;;
4901;KL19025  A15;ZOPI;889;ZOPC;KL1;;9;90888;;;;;;
4901;KL19025  B01;ZOPI;890;ZOPC;KL1;;9;90889;;;;;;
4901;KL19025  B02;ZOPI;891;ZOPC;KL1;;9;90890;;;;;;
4901;KL19025  B03;ZOPI;892;ZOPC;KL1;;9;90891;;;;;;
4901;KL19025  B04;ZOPI;893;ZOPC;KL1;;9;90892;;;;;;
4901;KL19025  B05;ZOPI;894;ZOPC;KL1;;9;90893;;;;;;
4901;KL19025  B06;ZOPI;895;ZOPC;KL1;;9;90894;;;;;;
4901;KL19025  B07;ZOPI;896;ZOPC;KL1;;9;90895;;;;;;
4901;KL19025  B08;ZOPI;897;ZOPC;KL1;;9;90896;;;;;;
4901;KL19025  B09;ZOPI;898;ZOPC;KL1;;9;90897;;;;;;
4901;KL19025  B10;ZOPI;899;ZOPC;KL1;;9;90898;;;;;;
4901;KL19025  B11;ZOPI;900;ZOPC;KL1;;9;90899;;;;;;
4901;KL19025  B12;ZOPI;901;ZOPC;KL1;;9;90900;;;;;;
4901;KL19025  B13;ZOPI;902;ZOPC;KL1;;9;90901;;;;;;
4901;KL19025  B14;ZOPI;903;ZOPC;KL1;;9;90902;;;;;;
4901;KL19025  B15;ZOPI;904;ZOPC;KL1;;9;90903;;;;;;
4901;KL19025  C01;ZOPI;905;ZOPC;KL1;;9;90904;;;;;;
4901;KL19025  C02;ZOPI;906;ZOPC;KL1;;9;90905;;;;;;
4901;KL19025  C03;ZOPI;907;ZOPC;KL1;;9;90906;;;;;;
4901;KL19025  C04;ZOPI;908;ZOPC;KL1;;9;90907;;;;;;
4901;KL19025  C05;ZOPI;909;ZOPC;KL1;;9;90908;;;;;;
4901;KL19025  C06;ZOPI;910;ZOPC;KL1;;9;90909;;;;;;
4901;KL19025  C07;ZOPI;911;ZOPC;KL1;;9;90910;;;;;;
4901;KL19025  C08;ZOPI;912;ZOPC;KL1;;9;90911;;;;;;
4901;KL19025  C09;ZOPI;913;ZOPC;KL1;;9;90912;;;;;;
4901;KL19025  C10;ZOPI;914;ZOPC;KL1;;9;90913;;;;;;
4901;KL19025  C11;ZOPI;915;ZOPC;KL1;;9;90914;;;;;;
4901;KL19025  C12;ZOPI;916;ZOPC;KL1;;9;90915;;;;;;
4901;KL19025  C13;ZOPI;917;ZOPC;KL1;;9;90916;;;;;;
4901;KL19025  C14;ZOPI;918;ZOPC;KL1;;9;90917;;;;;;
4901;KL19025  C15;ZOPI;919;ZOPC;KL1;;9;90918;;;;;;
4901;KL19025  D01;ZOPI;920;ZOPC;KL1;;9;90919;;;;;;
4901;KL19025  D02;ZOPI;921;ZOPC;KL1;;9;90920;;;;;;
4901;KL19025  D03;ZOPI;922;ZOPC;KL1;;9;90921;;;;;;
4901;KL19025  D03;ZOPI;923;ZOPC;KL1;;9;90922;;;;;;
4901;KL19025  D04;ZOPI;924;ZOPC;KL1;;9;90923;;;;;;
4901;KL19025  D05;ZOPI;925;ZOPC;KL1;;9;90924;;;;;;
4901;KL19025  D06;ZOPI;926;ZOPC;KL1;;9;90925;;;;;;
4901;KL19025  D07;ZOPI;927;ZOPC;KL1;;9;90926;;;;;;
4901;KL19025  D08;ZOPI;928;ZOPC;KL1;;9;90927;;;;;;
4901;KL19025  D09;ZOPI;929;ZOPC;KL1;;9;90928;;;;;;
4901;KL19025  D10;ZOPI;930;ZOPC;KL1;;9;90929;;;;;;
4901;KL19025  D11;ZOPI;931;ZOPC;KL1;;9;90930;;;;;;
4901;KL19025  D12;ZOPI;932;ZOPC;KL1;;9;90931;;;;;;
4901;KL19025  D13;ZOPI;933;ZOPC;KL1;;9;90932;;;;;;
4901;KL19025  D14;ZOPI;934;ZOPC;KL1;;9;90933;;;;;;
4901;KL19025  D15;ZOPI;935;ZOPC;KL1;;9;90934;;;;;;
4901;KL19025  E01;ZOPI;936;ZOPC;KL1;;9;90935;;;;;;
4901;KL19025  E02;ZOPI;937;ZOPC;KL1;;9;90936;;;;;;
4901;KL19025  E03;ZOPI;938;ZOPC;KL1;;9;90937;;;;;;
4901;KL19025  E04;ZOPI;939;ZOPC;KL1;;9;90938;;;;;;
4901;KL19025  E05;ZOPI;940;ZOPC;KL1;;9;90939;;;;;;
4901;KL19025  E06;ZOPI;941;ZOPC;KL1;;9;90940;;;;;;
4901;KL19025  E07;ZOPI;942;ZOPC;KL1;;9;90941;;;;;;
4901;KL19025  E08;ZOPI;943;ZOPC;KL1;;9;90942;;;;;;
4901;KL19025  E09;ZOPI;944;ZOPC;KL1;;9;90943;;;;;;
4901;KL19025  E10;ZOPI;945;ZOPC;KL1;;9;90944;;;;;;
4901;KL19025  E11;ZOPI;946;ZOPC;KL1;;9;90945;;;;;;
4901;KL19025  E12;ZOPI;947;ZOPC;KL1;;9;90946;;;;;;
4901;KL19025  E13;ZOPI;948;ZOPC;KL1;;9;90947;;;;;;
4901;KL19025  E14;ZOPI;949;ZOPC;KL1;;9;90948;;;;;;
4901;KL19025  E15;ZOPI;950;ZOPC;KL1;;9;90949;;;;;;
4901;KL19026  A01;ZOPI;951;ZOPC;KL1;;9;90950;;;;;;
4901;KL19026  A02;ZOPI;952;ZOPC;KL1;;9;90951;;;;;;
4901;KL19026  A03;ZOPI;953;ZOPC;KL1;;9;90952;;;;;;
4901;KL19027  A01;ZOPI;954;ZOPC;KL1;;9;90953;;;;;;
4901;KL19027  A02;ZOPI;955;ZOPC;KL1;;9;90954;;;;;;
4901;KL19027  A03;ZOPI;956;ZOPC;KL1;;9;90955;;;;;;
4901;KL19027  A04;ZOPI;957;ZOPC;KL1;;9;90956;;;;;;
4901;KL19027  A05;ZOPI;958;ZOPC;KL1;;9;90957;;;;;;
4901;KL19027  A06;ZOPI;959;ZOPC;KL1;;9;90958;;;;;;
4901;KL19027  A07;ZOPI;960;ZOPC;KL1;;9;90959;;;;;;
4901;KL19027  A08;ZOPI;961;ZOPC;KL1;;9;90960;;;;;;
4901;KL19027  A09;ZOPI;962;ZOPC;KL1;;9;90961;;;;;;
4901;KL19027  A10;ZOPI;963;ZOPC;KL1;;9;90962;;;;;;
4901;KL19027  A11;ZOPI;964;ZOPC;KL1;;9;90963;;;;;;
4901;KL19027  A12;ZOPI;965;ZOPC;KL1;;9;90964;;;;;;
4901;KL19027  A13;ZOPI;966;ZOPC;KL1;;9;90965;;;;;;
4901;KL19027  A14;ZOPI;967;ZOPC;KL1;;9;90966;;;;;;
4901;KL19027  A15;ZOPI;968;ZOPC;KL1;;9;90967;;;;;;
4901;KL19027  B01;ZOPI;969;ZOPC;KL1;;9;90968;;;;;;
4901;KL19027  B02;ZOPI;970;ZOPC;KL1;;9;90969;;;;;;
4901;KL19027  B03;ZOPI;971;ZOPC;KL1;;9;90970;;;;;;
4901;KL19027  B04;ZOPI;972;ZOPC;KL1;;9;90971;;;;;;
4901;KL19027  B05;ZOPI;973;ZOPC;KL1;;9;90972;;;;;;
4901;KL19027  B06;ZOPI;974;ZOPC;KL1;;9;90973;;;;;;
4901;KL19027  B07;ZOPI;975;ZOPC;KL1;;9;90974;;;;;;
4901;KL19027  B08;ZOPI;976;ZOPC;KL1;;9;90975;;;;;;
4901;KL19027  B09;ZOPI;977;ZOPC;KL1;;9;90976;;;;;;
4901;KL19027  B10;ZOPI;978;ZOPC;KL1;;9;90977;;;;;;
4901;KL19027  B11;ZOPI;979;ZOPC;KL1;;9;90978;;;;;;
4901;KL19027  B12;ZOPI;980;ZOPC;KL1;;9;90979;;;;;;
4901;KL19027  B13;ZOPI;981;ZOPC;KL1;;9;90980;;;;;;
4901;KL19027  B14;ZOPI;982;ZOPC;KL1;;9;90981;;;;;;
4901;KL19027  B15;ZOPI;983;ZOPC;KL1;;9;90982;;;;;;
4901;KL19027  C01;ZOPI;984;ZOPC;KL1;;9;90983;;;;;;
4901;KL19027  C02;ZOPI;985;ZOPC;KL1;;9;90984;;;;;;
4901;KL19027  C03;ZOPI;986;ZOPC;KL1;;9;90985;;;;;;
4901;KL19027  C04;ZOPI;987;ZOPC;KL1;;9;90986;;;;;;
4901;KL19027  C05;ZOPI;988;ZOPC;KL1;;9;90987;;;;;;
4901;KL19027  C06;ZOPI;989;ZOPC;KL1;;9;90988;;;;;;
4901;KL19027  C07;ZOPI;990;ZOPC;KL1;;9;90989;;;;;;
4901;KL19027  C08;ZOPI;991;ZOPC;KL1;;9;90990;;;;;;
4901;KL19027  C09;ZOPI;992;ZOPC;KL1;;9;90991;;;;;;
4901;KL19027  C10;ZOPI;993;ZOPC;KL1;;9;90992;;;;;;
4901;KL19027  C11;ZOPI;994;ZOPC;KL1;;9;90993;;;;;;
4901;KL19027  C12;ZOPI;995;ZOPC;KL1;;9;90994;;;;;;
4901;KL19027  C13;ZOPI;996;ZOPC;KL1;;9;90995;;;;;;
4901;KL19027  C14;ZOPI;997;ZOPC;KL1;;9;90996;;;;;;
4901;KL19027  C15;ZOPI;998;ZOPC;KL1;;9;90997;;;;;;
4901;KL19027  D01;ZOPI;999;ZOPC;KL1;;9;90998;;;;;;
4901;KL19027  D02;ZOPI;1000;ZOPC;KL1;;9;90999;;;;;;
4901;KL19027  D03;ZOPI;1001;ZOPC;KL1;;9;91000;;;;;;
4901;KL19027  D04;ZOPI;1002;ZOPC;KL1;;9;91001;;;;;;
4901;KL19027  D05;ZOPI;1003;ZOPC;KL1;;9;91002;;;;;;
4901;KL19027  D06;ZOPI;1004;ZOPC;KL1;;9;91003;;;;;;
4901;KL19027  D07;ZOPI;1005;ZOPC;KL1;;9;91004;;;;;;
4901;KL19027  D08;ZOPI;1006;ZOPC;KL1;;9;91005;;;;;;
4901;KL19027  D09;ZOPI;1007;ZOPC;KL1;;9;91006;;;;;;
4901;KL19027  D10;ZOPI;1008;ZOPC;KL1;;9;91007;;;;;;
4901;KL19027  D11;ZOPI;1009;ZOPC;KL1;;9;91008;;;;;;
4901;KL19027  D12;ZOPI;1010;ZOPC;KL1;;9;91009;;;;;;
4901;KL19027  D13;ZOPI;1011;ZOPC;KL1;;9;91010;;;;;;
4901;KL19027  D14;ZOPI;1012;ZOPC;KL1;;9;91011;;;;;;
4901;KL19027  D15;ZOPI;1013;ZOPC;KL1;;9;91012;;;;;;
4901;KL19027  E01;ZOPI;1014;ZOPC;KL1;;9;91013;;;;;;
4901;KL19027  E02;ZOPI;1015;ZOPC;KL1;;9;91014;;;;;;
4901;KL19027  E03;ZOPI;1016;ZOPC;KL1;;9;91015;;;;;;
4901;KL19027  E04;ZOPI;1017;ZOPC;KL1;;9;91016;;;;;;
4901;KL19027  E05;ZOPI;1018;ZOPC;KL1;;9;91017;;;;;;
4901;KL19027  E06;ZOPI;1019;ZOPC;KL1;;9;91018;;;;;;
4901;KL19027  E07;ZOPI;1020;ZOPC;KL1;;9;91019;;;;;;
4901;KL19027  E08;ZOPI;1021;ZOPC;KL1;;9;91020;;;;;;
4901;KL19027  E09;ZOPI;1022;ZOPC;KL1;;9;91021;;;;;;
4901;KL19027  E10;ZOPI;1023;ZOPC;KL1;;9;91022;;;;;;
4901;KL19027  E11;ZOPI;1024;ZOPC;KL1;;9;91023;;;;;;
4901;KL19027  E12;ZOPI;1025;ZOPC;KL1;;9;91024;;;;;;
4901;KL19027  E13;ZOPI;1026;ZOPC;KL1;;9;91025;;;;;;
4901;KL19027  E14;ZOPI;1027;ZOPC;KL1;;9;91026;;;;;;
4901;KL19027  E15;ZOPI;1028;ZOPC;KL1;;9;91027;;;;;;
4901;KL19028  A01;ZOPI;1029;ZOPC;KL1;;9;91028;;;;;;
4901;KL19028  A02;ZOPI;1030;ZOPC;KL1;;9;91029;;;;;;
4901;KL19028  A03;ZOPI;1031;ZOPC;KL1;;9;91030;;;;;;
4901;KL19028  A04;ZOPI;1032;ZOPC;KL1;;9;91031;;;;;;
4901;KL19028  A05;ZOPI;1033;ZOPC;KL1;;9;91032;;;;;;
4901;KL19028  A06;ZOPI;1034;ZOPC;KL1;;9;91033;;;;;;
4901;KL19028  A07;ZOPI;1035;ZOPC;KL1;;9;91034;;;;;;
4901;KL19028  A08;ZOPI;1036;ZOPC;KL1;;9;91035;;;;;;
4901;KL19028  A09;ZOPI;1037;ZOPC;KL1;;9;91036;;;;;;
4901;KL19028  A10;ZOPI;1038;ZOPC;KL1;;9;91037;;;;;;
4901;KL19028  A11;ZOPI;1039;ZOPC;KL1;;9;91038;;;;;;
4901;KL19028  A12;ZOPI;1040;ZOPC;KL1;;9;91039;;;;;;
4901;KL19028  A13;ZOPI;1041;ZOPC;KL1;;9;91040;;;;;;
4901;KL19028  A14;ZOPI;1042;ZOPC;KL1;;9;91041;;;;;;
4901;KL19028  A15;ZOPI;1043;ZOPC;KL1;;9;91042;;;;;;
4901;KL19028  A16;ZOPI;1044;ZOPC;KL1;;9;91043;;;;;;
4901;KL19028  A17;ZOPI;1045;ZOPC;KL1;;9;91044;;;;;;
4901;KL19028  A18;ZOPI;1046;ZOPC;KL1;;9;91045;;;;;;
4901;KL19028  A19;ZOPI;1047;ZOPC;KL1;;9;91046;;;;;;
4901;KL19028  A21;ZOPI;1048;ZOPC;KL1;;9;91047;;;;;;
4901;KL19028  A22;ZOPI;1049;ZOPC;KL1;;9;91048;;;;;;
4901;KL19028  A23;ZOPI;1050;ZOPC;KL1;;9;91049;;;;;;
4901;KL19028  A24;ZOPI;1051;ZOPC;KL1;;9;91050;;;;;;
4901;KL19028  A25;ZOPI;1052;ZOPC;KL1;;9;91051;;;;;;
4901;KL19028  A26;ZOPI;1053;ZOPC;KL1;;9;91052;;;;;;
4901;KL19028  A27;ZOPI;1054;ZOPC;KL1;;9;91053;;;;;;
4901;KL19028  A28;ZOPI;1055;ZOPC;KL1;;9;91054;;;;;;
4901;KL19028  A29;ZOPI;1056;ZOPC;KL1;;9;91055;;;;;;
4901;KL19028  A31;ZOPI;1057;ZOPC;KL1;;9;91056;;;;;;
4901;KL19028  A32;ZOPI;1058;ZOPC;KL1;;9;91057;;;;;;
4901;KL19028  A33;ZOPI;1059;ZOPC;KL1;;9;91058;;;;;;
4901;KL19028  A34;ZOPI;1060;ZOPC;KL1;;9;91059;;;;;;
4901;KL19028  A35;ZOPI;1061;ZOPC;KL1;;9;91060;;;;;;
4901;KL19028  A36;ZOPI;1062;ZOPC;KL1;;9;91061;;;;;;
4901;KL19028  A37;ZOPI;1063;ZOPC;KL1;;9;91062;;;;;;
4901;KL19028  A38;ZOPI;1064;ZOPC;KL1;;9;91063;;;;;;
4901;KL19028  A39;ZOPI;1065;ZOPC;KL1;;9;91064;;;;;;
4901;KL19028  A40;ZOPI;1066;ZOPC;KL1;;9;91065;;;;;;
4901;KL19028  A41;ZOPI;1067;ZOPC;KL1;;9;91066;;;;;;
4901;KL19028  A42;ZOPI;1068;ZOPC;KL1;;9;91067;;;;;;
4901;KL19028  A43;ZOPI;1069;ZOPC;KL1;;9;91068;;;;;;
4901;KL19028  A44;ZOPI;1070;ZOPC;KL1;;9;91069;;;;;;
4901;KL19028  A45;ZOPI;1071;ZOPC;KL1;;9;91070;;;;;;
4901;KL19028  A46;ZOPI;1072;ZOPC;KL1;;9;91071;;;;;;
4901;KL19028  A47;ZOPI;1073;ZOPC;KL1;;9;91072;;;;;;
4901;KL19028  A48;ZOPI;1074;ZOPC;KL1;;9;91073;;;;;;
4901;KL19028  A49;ZOPI;1075;ZOPC;KL1;;9;91074;;;;;;
4901;KL19028  A50;ZOPI;1076;ZOPC;KL1;;9;91075;;;;;;
4901;KL19028  A51;ZOPI;1077;ZOPC;KL1;;9;91076;;;;;;
4901;KL19028  A52;ZOPI;1078;ZOPC;KL1;;9;91077;;;;;;
4901;KL19028  A54;ZOPI;1079;ZOPC;KL1;;9;91078;;;;;;
4901;KL19028  A55;ZOPI;1080;ZOPC;KL1;;9;91079;;;;;;
4901;KL19028  A56;ZOPI;1081;ZOPC;KL1;;9;91080;;;;;;
4901;KL19028  A57;ZOPI;1082;ZOPC;KL1;;9;91081;;;;;;
4901;KL19028  A58;ZOPI;1083;ZOPC;KL1;;9;91082;;;;;;
4901;KL19028  A59;ZOPI;1084;ZOPC;KL1;;9;91083;;;;;;
4901;KL19028  A60;ZOPI;1085;ZOPC;KL1;;9;91084;;;;;;
4901;KL19028  B01;ZOPI;1086;ZOPC;KL1;;9;91085;;;;;;
4901;KL19028  B02;ZOPI;1087;ZOPC;KL1;;9;91086;;;;;;
4901;KL19028  B03;ZOPI;1088;ZOPC;KL1;;9;91087;;;;;;
4901;KL19028  B04;ZOPI;1089;ZOPC;KL1;;9;91088;;;;;;
4901;KL19028  B05;ZOPI;1090;ZOPC;KL1;;9;91089;;;;;;
4901;KL19028  B06;ZOPI;1091;ZOPC;KL1;;9;91090;;;;;;
4901;KL19028  B07;ZOPI;1092;ZOPC;KL1;;9;91091;;;;;;
4901;KL19028  B08;ZOPI;1093;ZOPC;KL1;;9;91092;;;;;;
4901;KL19028  B09;ZOPI;1094;ZOPC;KL1;;9;91093;;;;;;
4901;KL19028  B10;ZOPI;1095;ZOPC;KL1;;9;91094;;;;;;
4901;KL19028  B11;ZOPI;1096;ZOPC;KL1;;9;91095;;;;;;
4901;KL19028  B12;ZOPI;1097;ZOPC;KL1;;9;91096;;;;;;
4901;KL19028  B13;ZOPI;1098;ZOPC;KL1;;9;91097;;;;;;
4901;KL19028  B14;ZOPI;1099;ZOPC;KL1;;9;91098;;;;;;
4901;KL19028  B15;ZOPI;1100;ZOPC;KL1;;9;91099;;;;;;
4901;KL19028  B16;ZOPI;1101;ZOPC;KL1;;9;91100;;;;;;
4901;KL19028  B17;ZOPI;1102;ZOPC;KL1;;9;91101;;;;;;
4901;KL19028  B18;ZOPI;1103;ZOPC;KL1;;9;91102;;;;;;
4901;KL19028  B19;ZOPI;1104;ZOPC;KL1;;9;91103;;;;;;
4901;KL19028  B20;ZOPI;1105;ZOPC;KL1;;9;91104;;;;;;
4901;KL19029  A01;ZOPI;1106;ZOPC;KL1;;9;91105;;;;;;
4901;KL19029  A02;ZOPI;1107;ZOPC;KL1;;9;91106;;;;;;
4901;KL19029  A03;ZOPI;1108;ZOPC;KL1;;9;91107;;;;;;
4901;KL19029  A04;ZOPI;1109;ZOPC;KL1;;9;91108;;;;;;
4901;KL19029  A05;ZOPI;1110;ZOPC;KL1;;9;91109;;;;;;
4901;KL19029  A06;ZOPI;1111;ZOPC;KL1;;9;91110;;;;;;
4901;KL19029  A07;ZOPI;1112;ZOPC;KL1;;9;91111;;;;;;
4901;KL19029  A08;ZOPI;1113;ZOPC;KL1;;9;91112;;;;;;
4901;KL19029  A09;ZOPI;1114;ZOPC;KL1;;9;91113;;;;;;
4901;KL19029  A10;ZOPI;1115;ZOPC;KL1;;9;91114;;;;;;
4901;KL19029  A11;ZOPI;1116;ZOPC;KL1;;9;91115;;;;;;
4901;KL19029  A12;ZOPI;1117;ZOPC;KL1;;9;91116;;;;;;
4901;KL19029  A13;ZOPI;1118;ZOPC;KL1;;9;91117;;;;;;
4901;KL19029  A14;ZOPI;1119;ZOPC;KL1;;9;91118;;;;;;
4901;KL19029  A15;ZOPI;1120;ZOPC;KL1;;9;91119;;;;;;
4901;KL19029  B01;ZOPI;1121;ZOPC;KL1;;9;91120;;;;;;
4901;KL19029  B02;ZOPI;1122;ZOPC;KL1;;9;91121;;;;;;
4901;KL19029  B03;ZOPI;1123;ZOPC;KL1;;9;91122;;;;;;
4901;KL19029  B04;ZOPI;1124;ZOPC;KL1;;9;91123;;;;;;
4901;KL19029  B05;ZOPI;1125;ZOPC;KL1;;9;91124;;;;;;
4901;KL19029  B06;ZOPI;1126;ZOPC;KL1;;9;91125;;;;;;
4901;KL19029  B07;ZOPI;1127;ZOPC;KL1;;9;91126;;;;;;
4901;KL19029  B08;ZOPI;1128;ZOPC;KL1;;9;91127;;;;;;
4901;KL19029  B09;ZOPI;1129;ZOPC;KL1;;9;91128;;;;;;
4901;KL19029  B10;ZOPI;1130;ZOPC;KL1;;9;91129;;;;;;
4901;KL19029  B11;ZOPI;1131;ZOPC;KL1;;9;91130;;;;;;
4901;KL19029  B12;ZOPI;1132;ZOPC;KL1;;9;91131;;;;;;
4901;KL19029  B13;ZOPI;1133;ZOPC;KL1;;9;91132;;;;;;
4901;KL19029  B14;ZOPI;1134;ZOPC;KL1;;9;91133;;;;;;
4901;KL19029  B15;ZOPI;1135;ZOPC;KL1;;9;91134;;;;;;
4901;KL19029  C01;ZOPI;1136;ZOPC;KL1;;9;91135;;;;;;
4901;KL19029  C02;ZOPI;1137;ZOPC;KL1;;9;91136;;;;;;
4901;KL19029  C03;ZOPI;1138;ZOPC;KL1;;9;91137;;;;;;
4901;KL19029  C04;ZOPI;1139;ZOPC;KL1;;9;91138;;;;;;
4901;KL19029  C05;ZOPI;1140;ZOPC;KL1;;9;91139;;;;;;
4901;KL19029  C06;ZOPI;1141;ZOPC;KL1;;9;91140;;;;;;
4901;KL19029  C07;ZOPI;1142;ZOPC;KL1;;9;91141;;;;;;
4901;KL19029  C08;ZOPI;1143;ZOPC;KL1;;9;91142;;;;;;
4901;KL19029  C09;ZOPI;1144;ZOPC;KL1;;9;91143;;;;;;
4901;KL19029  C10;ZOPI;1145;ZOPC;KL1;;9;91144;;;;;;
4901;KL19029  C11;ZOPI;1146;ZOPC;KL1;;9;91145;;;;;;
4901;KL19029  C12;ZOPI;1147;ZOPC;KL1;;9;91146;;;;;;
4901;KL19029  C13;ZOPI;1148;ZOPC;KL1;;9;91147;;;;;;
4901;KL19029  C14;ZOPI;1149;ZOPC;KL1;;9;91148;;;;;;
4901;KL19029  C15;ZOPI;1150;ZOPC;KL1;;9;91149;;;;;;
4901;KL19029  D01;ZOPI;1151;ZOPC;KL1;;9;91150;;;;;;
4901;KL19029  D02;ZOPI;1152;ZOPC;KL1;;9;91151;;;;;;
4901;KL19029  D03;ZOPI;1153;ZOPC;KL1;;9;91152;;;;;;
4901;KL19029  D04;ZOPI;1154;ZOPC;KL1;;9;91153;;;;;;
4901;KL19029  D05;ZOPI;1155;ZOPC;KL1;;9;91154;;;;;;
4901;KL19029  D06;ZOPI;1156;ZOPC;KL1;;9;91155;;;;;;
4901;KL19029  D07;ZOPI;1157;ZOPC;KL1;;9;91156;;;;;;
4901;KL19029  D08;ZOPI;1158;ZOPC;KL1;;9;91157;;;;;;
4901;KL19029  D09;ZOPI;1159;ZOPC;KL1;;9;91158;;;;;;
4901;KL19029  D10;ZOPI;1160;ZOPC;KL1;;9;91159;;;;;;
4901;KL19029  D11;ZOPI;1161;ZOPC;KL1;;9;91160;;;;;;
4901;KL19029  D12;ZOPI;1162;ZOPC;KL1;;9;91161;;;;;;
4901;KL19029  D13;ZOPI;1163;ZOPC;KL1;;9;91162;;;;;;
4901;KL19029  D14;ZOPI;1164;ZOPC;KL1;;9;91163;;;;;;
4901;KL19029  D15;ZOPI;1165;ZOPC;KL1;;9;91164;;;;;;
4901;KL19029  E01;ZOPI;1166;ZOPC;KL1;;9;91165;;;;;;
4901;KL19029  E02;ZOPI;1167;ZOPC;KL1;;9;91166;;;;;;
4901;KL19029  E03;ZOPI;1168;ZOPC;KL1;;9;91167;;;;;;
4901;KL19029  E04;ZOPI;1169;ZOPC;KL1;;9;91168;;;;;;
4901;KL19029  E05;ZOPI;1170;ZOPC;KL1;;9;91169;;;;;;
4901;KL19029  E06;ZOPI;1171;ZOPC;KL1;;9;91170;;;;;;
4901;KL19029  E07;ZOPI;1172;ZOPC;KL1;;9;91171;;;;;;
4901;KL19029  E08;ZOPI;1173;ZOPC;KL1;;9;91172;;;;;;
4901;KL19029  E09;ZOPI;1174;ZOPC;KL1;;9;91173;;;;;;
4901;KL19029  E10;ZOPI;1175;ZOPC;KL1;;9;91174;;;;;;
4901;KL19029  E11;ZOPI;1176;ZOPC;KL1;;9;91175;;;;;;
4901;KL19029  E12;ZOPI;1177;ZOPC;KL1;;9;91176;;;;;;
4901;KL19029  E13;ZOPI;1178;ZOPC;KL1;;9;91177;;;;;;
4901;KL19029  E14;ZOPI;1179;ZOPC;KL1;;9;91178;;;;;;
4901;KL19029  E15;ZOPI;1180;ZOPC;KL1;;9;91179;;;;;;
4901;KL19029  P01;ZOPI;1181;ZOPC;KL1;;9;91180;;;;;;
4901;KL19029  P02;ZOPI;1182;ZOPC;KL1;;9;91181;;;;;;
4901;KL19029  P03;ZOPI;1183;ZOPC;KL1;;9;91182;;;;;;
4901;KL19029  P04;ZOPI;1184;ZOPC;KL1;;9;91183;;;;;;
4901;KL19029  P05;ZOPI;1185;ZOPC;KL1;;9;91184;;;;;;
4901;KL19031  A01;ZOPI;1186;ZOPC;KL1;;9;91185;;;;;;
4901;KL19031  A02;ZOPI;1187;ZOPC;KL1;;9;91186;;;;;;
4901;KL19031  A03;ZOPI;1188;ZOPC;KL1;;9;91187;;;;;;
4901;KL19031  A04;ZOPI;1189;ZOPC;KL1;;9;91188;;;;;;
4901;KL19031  A05;ZOPI;1190;ZOPC;KL1;;9;91189;;;;;;
4901;KL19031  A06;ZOPI;1191;ZOPC;KL1;;9;91190;;;;;;
4901;KL19031  A07;ZOPI;1192;ZOPC;KL1;;9;91191;;;;;;
4901;KL19031  A08;ZOPI;1193;ZOPC;KL1;;9;91192;;;;;;
4901;KL19031  A09;ZOPI;1194;ZOPC;KL1;;9;91193;;;;;;
4901;KL19031  A10;ZOPI;1195;ZOPC;KL1;;9;91194;;;;;;
4901;KL19031  A11;ZOPI;1196;ZOPC;KL1;;9;91195;;;;;;
4901;KL19031  A12;ZOPI;1197;ZOPC;KL1;;9;91196;;;;;;
4901;KL19031  A13;ZOPI;1198;ZOPC;KL1;;9;91197;;;;;;
4901;KL19031  A14;ZOPI;1199;ZOPC;KL1;;9;91198;;;;;;
4901;KL19031  A15;ZOPI;1200;ZOPC;KL1;;9;91199;;;;;;
4901;KL19031  B01;ZOPI;1201;ZOPC;KL1;;9;91200;;;;;;
4901;KL19031  B02;ZOPI;1202;ZOPC;KL1;;9;91201;;;;;;
4901;KL19031  B03;ZOPI;1203;ZOPC;KL1;;9;91202;;;;;;
4901;KL19031  B04;ZOPI;1204;ZOPC;KL1;;9;91203;;;;;;
4901;KL19031  B05;ZOPI;1205;ZOPC;KL1;;9;91204;;;;;;
4901;KL19031  B06;ZOPI;1206;ZOPC;KL1;;9;91205;;;;;;
4901;KL19031  B07;ZOPI;1207;ZOPC;KL1;;9;91206;;;;;;
4901;KL19031  B08;ZOPI;1208;ZOPC;KL1;;9;91207;;;;;;
4901;KL19031  B09;ZOPI;1209;ZOPC;KL1;;9;91208;;;;;;
4901;KL19031  B10;ZOPI;1210;ZOPC;KL1;;9;91209;;;;;;
4901;KL19031  B11;ZOPI;1211;ZOPC;KL1;;9;91210;;;;;;
4901;KL19031  B12;ZOPI;1212;ZOPC;KL1;;9;91211;;;;;;
4901;KL19031  B13;ZOPI;1213;ZOPC;KL1;;9;91212;;;;;;
4901;KL19031  B14;ZOPI;1214;ZOPC;KL1;;9;91213;;;;;;
4901;KL19031  B15;ZOPI;1215;ZOPC;KL1;;9;91214;;;;;;
4901;KL19031  C01;ZOPI;1216;ZOPC;KL1;;9;91215;;;;;;
4901;KL19031  C02;ZOPI;1217;ZOPC;KL1;;9;91216;;;;;;
4901;KL19031  C03;ZOPI;1218;ZOPC;KL1;;9;91217;;;;;;
4901;KL19031  C04;ZOPI;1219;ZOPC;KL1;;9;91218;;;;;;
4901;KL19031  C05;ZOPI;1220;ZOPC;KL1;;9;91219;;;;;;
4901;KL19031  C06;ZOPI;1221;ZOPC;KL1;;9;91220;;;;;;
4901;KL19031  C07;ZOPI;1222;ZOPC;KL1;;9;91221;;;;;;
4901;KL19031  C08;ZOPI;1223;ZOPC;KL1;;9;91222;;;;;;
4901;KL19031  C09;ZOPI;1224;ZOPC;KL1;;9;91223;;;;;;
4901;KL19031  C10;ZOPI;1225;ZOPC;KL1;;9;91224;;;;;;
4901;KL19031  C11;ZOPI;1226;ZOPC;KL1;;9;91225;;;;;;
4901;KL19031  C12;ZOPI;1227;ZOPC;KL1;;9;91226;;;;;;
4901;KL19031  C13;ZOPI;1228;ZOPC;KL1;;9;91227;;;;;;
4901;KL19031  C14;ZOPI;1229;ZOPC;KL1;;9;91228;;;;;;
4901;KL19031  C15;ZOPI;1230;ZOPC;KL1;;9;91229;;;;;;
4901;KL19031  D01;ZOPI;1231;ZOPC;KL1;;9;91230;;;;;;
4901;KL19031  D02;ZOPI;1232;ZOPC;KL1;;9;91231;;;;;;
4901;KL19031  D03;ZOPI;1233;ZOPC;KL1;;9;91232;;;;;;
4901;KL19031  D04;ZOPI;1234;ZOPC;KL1;;9;91233;;;;;;
4901;KL19031  D05;ZOPI;1235;ZOPC;KL1;;9;91234;;;;;;
4901;KL19031  D06;ZOPI;1236;ZOPC;KL1;;9;91235;;;;;;
4901;KL19031  D07;ZOPI;1237;ZOPC;KL1;;9;91236;;;;;;
4901;KL19031  D08;ZOPI;1238;ZOPC;KL1;;9;91237;;;;;;
4901;KL19031  D09;ZOPI;1239;ZOPC;KL1;;9;91238;;;;;;
4901;KL19031  D10;ZOPI;1240;ZOPC;KL1;;9;91239;;;;;;
4901;KL19031  D11;ZOPI;1241;ZOPC;KL1;;9;91240;;;;;;
4901;KL19031  D12;ZOPI;1242;ZOPC;KL1;;9;91241;;;;;;
4901;KL19031  D13;ZOPI;1243;ZOPC;KL1;;9;91242;;;;;;
4901;KL19031  D14;ZOPI;1244;ZOPC;KL1;;9;91243;;;;;;
4901;KL19031  D15;ZOPI;1245;ZOPC;KL1;;9;91244;;;;;;
4901;KL19031  E01;ZOPI;1246;ZOPC;KL1;;9;91245;;;;;;
4901;KL19031  E02;ZOPI;1247;ZOPC;KL1;;9;91246;;;;;;
4901;KL19031  E03;ZOPI;1248;ZOPC;KL1;;9;91247;;;;;;
4901;KL19031  E04;ZOPI;1249;ZOPC;KL1;;9;91248;;;;;;
4901;KL19031  E05;ZOPI;1250;ZOPC;KL1;;9;91249;;;;;;
4901;KL19031  E06;ZOPI;1251;ZOPC;KL1;;9;91250;;;;;;
4901;KL19031  E07;ZOPI;1252;ZOPC;KL1;;9;91251;;;;;;
4901;KL19031  E08;ZOPI;1253;ZOPC;KL1;;9;91252;;;;;;
4901;KL19031  E09;ZOPI;1254;ZOPC;KL1;;9;91253;;;;;;
4901;KL19031  E10;ZOPI;1255;ZOPC;KL1;;9;91254;;;;;;
4901;KL19031  E11;ZOPI;1256;ZOPC;KL1;;9;91255;;;;;;
4901;KL19031  E12;ZOPI;1257;ZOPC;KL1;;9;91256;;;;;;
4901;KL19031  E13;ZOPI;1258;ZOPC;KL1;;9;91257;;;;;;
4901;KL19031  E14;ZOPI;1259;ZOPC;KL1;;9;91258;;;;;;
4901;KL19031  E15;ZOPI;1260;ZOPC;KL1;;9;91259;;;;;;
4901;KL19033  A01;ZOPI;1261;ZOPC;KL1;;9;91260;;;;;;
4901;KL19033  A02;ZOPI;1262;ZOPC;KL1;;9;91261;;;;;;
4901;KL19033  A03;ZOPI;1263;ZOPC;KL1;;9;91262;;;;;;
4901;KL19033  A04;ZOPI;1264;ZOPC;KL1;;9;91263;;;;;;
4901;KL19033  A05;ZOPI;1265;ZOPC;KL1;;9;91264;;;;;;
4901;KL19033  A06;ZOPI;1266;ZOPC;KL1;;9;91265;;;;;;
4901;KL19033  A07;ZOPI;1267;ZOPC;KL1;;9;91266;;;;;;
4901;KL19033  A08;ZOPI;1268;ZOPC;KL1;;9;91267;;;;;;
4901;KL19033  A09;ZOPI;1269;ZOPC;KL1;;9;91268;;;;;;
4901;KL19033  A10;ZOPI;1270;ZOPC;KL1;;9;91269;;;;;;
4901;KL19033  A11;ZOPI;1271;ZOPC;KL1;;9;91270;;;;;;
4901;KL19033  A12;ZOPI;1272;ZOPC;KL1;;9;91271;;;;;;
4901;KL19033  A13;ZOPI;1273;ZOPC;KL1;;9;91272;;;;;;
4901;KL19033  A14;ZOPI;1274;ZOPC;KL1;;9;91273;;;;;;
4901;KL19033  A15;ZOPI;1275;ZOPC;KL1;;9;91274;;;;;;
4901;KL19033  B01;ZOPI;1276;ZOPC;KL1;;9;91275;;;;;;
4901;KL19033  B02;ZOPI;1277;ZOPC;KL1;;9;91276;;;;;;
4901;KL19033  B03;ZOPI;1278;ZOPC;KL1;;9;91277;;;;;;
4901;KL19033  B04;ZOPI;1279;ZOPC;KL1;;9;91278;;;;;;
4901;KL19033  B05;ZOPI;1280;ZOPC;KL1;;9;91279;;;;;;
4901;KL19033  B06;ZOPI;1281;ZOPC;KL1;;9;91280;;;;;;
4901;KL19033  B07;ZOPI;1282;ZOPC;KL1;;9;91281;;;;;;
4901;KL19033  B08;ZOPI;1283;ZOPC;KL1;;9;91282;;;;;;
4901;KL19033  B09;ZOPI;1284;ZOPC;KL1;;9;91283;;;;;;
4901;KL19033  B10;ZOPI;1285;ZOPC;KL1;;9;91284;;;;;;
4901;KL19033  B11;ZOPI;1286;ZOPC;KL1;;9;91285;;;;;;
4901;KL19033  B12;ZOPI;1287;ZOPC;KL1;;9;91286;;;;;;
4901;KL19033  B13;ZOPI;1288;ZOPC;KL1;;9;91287;;;;;;
4901;KL19033  B14;ZOPI;1289;ZOPC;KL1;;9;91288;;;;;;
4901;KL19033  B15;ZOPI;1290;ZOPC;KL1;;9;91289;;;;;;
4901;KL19033  C01;ZOPI;1291;ZOPC;KL1;;9;91290;;;;;;
4901;KL19033  C02;ZOPI;1292;ZOPC;KL1;;9;91291;;;;;;
4901;KL19033  C03;ZOPI;1293;ZOPC;KL1;;9;91292;;;;;;
4901;KL19033  C04;ZOPI;1294;ZOPC;KL1;;9;91293;;;;;;
4901;KL19033  C05;ZOPI;1295;ZOPC;KL1;;9;91294;;;;;;
4901;KL19033  C06;ZOPI;1296;ZOPC;KL1;;9;91295;;;;;;
4901;KL19033  C07;ZOPI;1297;ZOPC;KL1;;9;91296;;;;;;
4901;KL19033  C08;ZOPI;1298;ZOPC;KL1;;9;91297;;;;;;
4901;KL19033  C09;ZOPI;1299;ZOPC;KL1;;9;91298;;;;;;
4901;KL19033  C10;ZOPI;1300;ZOPC;KL1;;9;91299;;;;;;
4901;KL19033  C11;ZOPI;1301;ZOPC;KL1;;9;91300;;;;;;
4901;KL19033  C12;ZOPI;1302;ZOPC;KL1;;9;91301;;;;;;
4901;KL19033  C13;ZOPI;1303;ZOPC;KL1;;9;91302;;;;;;
4901;KL19033  C14;ZOPI;1304;ZOPC;KL1;;9;91303;;;;;;
4901;KL19033  C15;ZOPI;1305;ZOPC;KL1;;9;91304;;;;;;
4901;KL19033  D01;ZOPI;1306;ZOPC;KL1;;9;91305;;;;;;
4901;KL19033  D02;ZOPI;1307;ZOPC;KL1;;9;91306;;;;;;
4901;KL19033  D03;ZOPI;1308;ZOPC;KL1;;9;91307;;;;;;
4901;KL19033  D04;ZOPI;1309;ZOPC;KL1;;9;91308;;;;;;
4901;KL19033  D05;ZOPI;1310;ZOPC;KL1;;9;91309;;;;;;
4901;KL19033  D06;ZOPI;1311;ZOPC;KL1;;9;91310;;;;;;
4901;KL19033  D07;ZOPI;1312;ZOPC;KL1;;9;91311;;;;;;
4901;KL19033  D08;ZOPI;1313;ZOPC;KL1;;9;91312;;;;;;
4901;KL19033  D09;ZOPI;1314;ZOPC;KL1;;9;91313;;;;;;
4901;KL19033  D10;ZOPI;1315;ZOPC;KL1;;9;91314;;;;;;
4901;KL19033  D11;ZOPI;1316;ZOPC;KL1;;9;91315;;;;;;
4901;KL19033  D12;ZOPI;1317;ZOPC;KL1;;9;91316;;;;;;
4901;KL19033  D13;ZOPI;1318;ZOPC;KL1;;9;91317;;;;;;
4901;KL19033  D14;ZOPI;1319;ZOPC;KL1;;9;91318;;;;;;
4901;KL19033  D15;ZOPI;1320;ZOPC;KL1;;9;91319;;;;;;
4901;KL19033  E01;ZOPI;1321;ZOPC;KL1;;9;91320;;;;;;
4901;KL19033  E02;ZOPI;1322;ZOPC;KL1;;9;91321;;;;;;
4901;KL19033  E03;ZOPI;1323;ZOPC;KL1;;9;91322;;;;;;
4901;KL19033  E04;ZOPI;1324;ZOPC;KL1;;9;91323;;;;;;
4901;KL19033  E05;ZOPI;1325;ZOPC;KL1;;9;91324;;;;;;
4901;KL19033  E06;ZOPI;1326;ZOPC;KL1;;9;91325;;;;;;
4901;KL19033  E07;ZOPI;1327;ZOPC;KL1;;9;91326;;;;;;
4901;KL19033  E08;ZOPI;1328;ZOPC;KL1;;9;91327;;;;;;
4901;KL19033  E09;ZOPI;1329;ZOPC;KL1;;9;91328;;;;;;
4901;KL19033  E10;ZOPI;1330;ZOPC;KL1;;9;91329;;;;;;
4901;KL19033  E11;ZOPI;1331;ZOPC;KL1;;9;91330;;;;;;
4901;KL19033  E12;ZOPI;1332;ZOPC;KL1;;9;91331;;;;;;
4901;KL19033  E13;ZOPI;1333;ZOPC;KL1;;9;91332;;;;;;
4901;KL19033  E14;ZOPI;1334;ZOPC;KL1;;9;91333;;;;;;
4901;KL19033  E15;ZOPI;1335;ZOPC;KL1;;9;91334;;;;;;
4901;KL19035  A01;ZOPI;1336;ZOPC;KL1;;9;91335;;;;;;
4901;KL19035  A02;ZOPI;1337;ZOPC;KL1;;9;91336;;;;;;
4901;KL19035  A03;ZOPI;1338;ZOPC;KL1;;9;91337;;;;;;
4901;KL19035  A04;ZOPI;1339;ZOPC;KL1;;9;91338;;;;;;
4901;KL19035  A05;ZOPI;1340;ZOPC;KL1;;9;91339;;;;;;
4901;KL19035  A06;ZOPI;1341;ZOPC;KL1;;9;91340;;;;;;
4901;KL19035  A07;ZOPI;1342;ZOPC;KL1;;9;91341;;;;;;
4901;KL19035  A08;ZOPI;1343;ZOPC;KL1;;9;91342;;;;;;
4901;KL19035  A09;ZOPI;1344;ZOPC;KL1;;9;91343;;;;;;
4901;KL19035  A10;ZOPI;1345;ZOPC;KL1;;9;91344;;;;;;
4901;KL19035  A11;ZOPI;1346;ZOPC;KL1;;9;91345;;;;;;
4901;KL19035  A12;ZOPI;1347;ZOPC;KL1;;9;91346;;;;;;
4901;KL19035  A13;ZOPI;1348;ZOPC;KL1;;9;91347;;;;;;
4901;KL19035  A14;ZOPI;1349;ZOPC;KL1;;9;91348;;;;;;
4901;KL19035  A15;ZOPI;1350;ZOPC;KL1;;9;91349;;;;;;
4901;KL19035  B01;ZOPI;1351;ZOPC;KL1;;9;91350;;;;;;
4901;KL19035  B02;ZOPI;1352;ZOPC;KL1;;9;91351;;;;;;
4901;KL19035  B03;ZOPI;1353;ZOPC;KL1;;9;91352;;;;;;
4901;KL19035  B04;ZOPI;1354;ZOPC;KL1;;9;91353;;;;;;
4901;KL19035  B05;ZOPI;1355;ZOPC;KL1;;9;91354;;;;;;
4901;KL19035  B06;ZOPI;1356;ZOPC;KL1;;9;91355;;;;;;
4901;KL19035  B07;ZOPI;1357;ZOPC;KL1;;9;91356;;;;;;
4901;KL19035  B08;ZOPI;1358;ZOPC;KL1;;9;91357;;;;;;
4901;KL19035  B09;ZOPI;1359;ZOPC;KL1;;9;91358;;;;;;
4901;KL19035  B10;ZOPI;1360;ZOPC;KL1;;9;91359;;;;;;
4901;KL19035  B11;ZOPI;1361;ZOPC;KL1;;9;91360;;;;;;
4901;KL19035  B12;ZOPI;1362;ZOPC;KL1;;9;91361;;;;;;
4901;KL19035  B13;ZOPI;1363;ZOPC;KL1;;9;91362;;;;;;
4901;KL19035  B14;ZOPI;1364;ZOPC;KL1;;9;91363;;;;;;
4901;KL19035  B15;ZOPI;1365;ZOPC;KL1;;9;91364;;;;;;
4901;KL19035  C01;ZOPI;1366;ZOPC;KL1;;9;91365;;;;;;
4901;KL19035  C02;ZOPI;1367;ZOPC;KL1;;9;91366;;;;;;
4901;KL19035  C03;ZOPI;1368;ZOPC;KL1;;9;91367;;;;;;
4901;KL19035  C04;ZOPI;1369;ZOPC;KL1;;9;91368;;;;;;
4901;KL19035  C05;ZOPI;1370;ZOPC;KL1;;9;91369;;;;;;
4901;KL19035  C06;ZOPI;1371;ZOPC;KL1;;9;91370;;;;;;
4901;KL19035  C07;ZOPI;1372;ZOPC;KL1;;9;91371;;;;;;
4901;KL19035  C08;ZOPI;1373;ZOPC;KL1;;9;91372;;;;;;
4901;KL19035  C09;ZOPI;1374;ZOPC;KL1;;9;91373;;;;;;
4901;KL19035  C10;ZOPI;1375;ZOPC;KL1;;9;91374;;;;;;
4901;KL19035  C11;ZOPI;1376;ZOPC;KL1;;9;91375;;;;;;
4901;KL19035  C12;ZOPI;1377;ZOPC;KL1;;9;91376;;;;;;
4901;KL19035  C13;ZOPI;1378;ZOPC;KL1;;9;91377;;;;;;
4901;KL19035  C14;ZOPI;1379;ZOPC;KL1;;9;91378;;;;;;
4901;KL19035  C15;ZOPI;1380;ZOPC;KL1;;9;91379;;;;;;
4901;KL19035  D01;ZOPI;1381;ZOPC;KL1;;9;91380;;;;;;
4901;KL19035  D02;ZOPI;1382;ZOPC;KL1;;9;91381;;;;;;
4901;KL19035  D03;ZOPI;1383;ZOPC;KL1;;9;91382;;;;;;
4901;KL19035  D04;ZOPI;1384;ZOPC;KL1;;9;91383;;;;;;
4901;KL19035  D05;ZOPI;1385;ZOPC;KL1;;9;91384;;;;;;
4901;KL19035  D06;ZOPI;1386;ZOPC;KL1;;9;91385;;;;;;
4901;KL19035  D07;ZOPI;1387;ZOPC;KL1;;9;91386;;;;;;
4901;KL19035  D08;ZOPI;1388;ZOPC;KL1;;9;91387;;;;;;
4901;KL19035  D09;ZOPI;1389;ZOPC;KL1;;9;91388;;;;;;
4901;KL19035  D10;ZOPI;1390;ZOPC;KL1;;9;91389;;;;;;
4901;KL19035  D11;ZOPI;1391;ZOPC;KL1;;9;91390;;;;;;
4901;KL19035  D12;ZOPI;1392;ZOPC;KL1;;9;91391;;;;;;
4901;KL19035  D13;ZOPI;1393;ZOPC;KL1;;9;91392;;;;;;
4901;KL19035  D14;ZOPI;1394;ZOPC;KL1;;9;91393;;;;;;
4901;KL19035  D15;ZOPI;1395;ZOPC;KL1;;9;91394;;;;;;
4901;KL19035  E01;ZOPI;1396;ZOPC;KL1;;9;91395;;;;;;
4901;KL19035  E02;ZOPI;1397;ZOPC;KL1;;9;91396;;;;;;
4901;KL19035  E03;ZOPI;1398;ZOPC;KL1;;9;91397;;;;;;
4901;KL19035  E04;ZOPI;1399;ZOPC;KL1;;9;91398;;;;;;
4901;KL19035  E05;ZOPI;1400;ZOPC;KL1;;9;91399;;;;;;
4901;KL19035  E06;ZOPI;1401;ZOPC;KL1;;9;91400;;;;;;
4901;KL19035  E07;ZOPI;1402;ZOPC;KL1;;9;91401;;;;;;
4901;KL19035  E08;ZOPI;1403;ZOPC;KL1;;9;91402;;;;;;
4901;KL19035  E09;ZOPI;1404;ZOPC;KL1;;9;91403;;;;;;
4901;KL19035  E10;ZOPI;1405;ZOPC;KL1;;9;91404;;;;;;
4901;KL19035  E11;ZOPI;1406;ZOPC;KL1;;9;91405;;;;;;
4901;KL19035  E12;ZOPI;1407;ZOPC;KL1;;9;91406;;;;;;
4901;KL19035  E13;ZOPI;1408;ZOPC;KL1;;9;91407;;;;;;
4901;KL19035  E14;ZOPI;1409;ZOPC;KL1;;9;91408;;;;;;
4901;KL19035  E15;ZOPI;1410;ZOPC;KL1;;9;91409;;;;;;
4901;KL19035  P01;ZOPI;1411;ZOPC;KL1;;9;91410;;;;;;
4901;KL19035  P02;ZOPI;1412;ZOPC;KL1;;9;91411;;;;;;
4901;KL19035  P03;ZOPI;1413;ZOPC;KL1;;9;91412;;;;;;
4901;KL19035  P04;ZOPI;1414;ZOPC;KL1;;9;91413;;;;;;
4901;KL19037  A01;ZOPI;1415;ZOPC;KL1;;9;91414;;;;;;
4901;KL19037  A02;ZOPI;1416;ZOPC;KL1;;9;91415;;;;;;
4901;KL19037  A03;ZOPI;1417;ZOPC;KL1;;9;91416;;;;;;
4901;KL19037  A04;ZOPI;1418;ZOPC;KL1;;9;91417;;;;;;
4901;KL19037  A05;ZOPI;1419;ZOPC;KL1;;9;91418;;;;;;
4901;KL19037  A06;ZOPI;1420;ZOPC;KL1;;9;91419;;;;;;
4901;KL19037  A07;ZOPI;1421;ZOPC;KL1;;9;91420;;;;;;
4901;KL19037  A08;ZOPI;1422;ZOPC;KL1;;9;91421;;;;;;
4901;KL19037  A09;ZOPI;1423;ZOPC;KL1;;9;91422;;;;;;
4901;KL19037  A10;ZOPI;1424;ZOPC;KL1;;9;91423;;;;;;
4901;KL19037  A11;ZOPI;1425;ZOPC;KL1;;9;91424;;;;;;
4901;KL19037  A12;ZOPI;1426;ZOPC;KL1;;9;91425;;;;;;
4901;KL19037  A13;ZOPI;1427;ZOPC;KL1;;9;91426;;;;;;
4901;KL19037  A14;ZOPI;1428;ZOPC;KL1;;9;91427;;;;;;
4901;KL19037  A15;ZOPI;1429;ZOPC;KL1;;9;91428;;;;;;
4901;KL19037  B01;ZOPI;1430;ZOPC;KL1;;9;91429;;;;;;
4901;KL19037  B02;ZOPI;1431;ZOPC;KL1;;9;91430;;;;;;
4901;KL19037  B03;ZOPI;1432;ZOPC;KL1;;9;91431;;;;;;
4901;KL19037  B04;ZOPI;1433;ZOPC;KL1;;9;91432;;;;;;
4901;KL19037  B05;ZOPI;1434;ZOPC;KL1;;9;91433;;;;;;
4901;KL19037  B06;ZOPI;1435;ZOPC;KL1;;9;91434;;;;;;
4901;KL19037  B07;ZOPI;1436;ZOPC;KL1;;9;91435;;;;;;
4901;KL19037  B08;ZOPI;1437;ZOPC;KL1;;9;91436;;;;;;
4901;KL19037  B09;ZOPI;1438;ZOPC;KL1;;9;91437;;;;;;
4901;KL19037  B10;ZOPI;1439;ZOPC;KL1;;9;91438;;;;;;
4901;KL19037  B11;ZOPI;1440;ZOPC;KL1;;9;91439;;;;;;
4901;KL19037  B12;ZOPI;1441;ZOPC;KL1;;9;91440;;;;;;
4901;KL19037  B13;ZOPI;1442;ZOPC;KL1;;9;91441;;;;;;
4901;KL19037  B14;ZOPI;1443;ZOPC;KL1;;9;91442;;;;;;
4901;KL19037  B15;ZOPI;1444;ZOPC;KL1;;9;91443;;;;;;
4901;KL19037  C01;ZOPI;1445;ZOPC;KL1;;9;91444;;;;;;
4901;KL19037  C02;ZOPI;1446;ZOPC;KL1;;9;91445;;;;;;
4901;KL19037  C03;ZOPI;1447;ZOPC;KL1;;9;91446;;;;;;
4901;KL19037  C04;ZOPI;1448;ZOPC;KL1;;9;91447;;;;;;
4901;KL19037  C05;ZOPI;1449;ZOPC;KL1;;9;91448;;;;;;
4901;KL19037  C05;ZOPI;1450;ZOPC;KL1;;9;91449;;;;;;
4901;KL19037  C06;ZOPI;1451;ZOPC;KL1;;9;91450;;;;;;
4901;KL19037  C07;ZOPI;1452;ZOPC;KL1;;9;91451;;;;;;
4901;KL19037  C08;ZOPI;1453;ZOPC;KL1;;9;91452;;;;;;
4901;KL19037  C09;ZOPI;1454;ZOPC;KL1;;9;91453;;;;;;
4901;KL19037  C10;ZOPI;1455;ZOPC;KL1;;9;91454;;;;;;
4901;KL19037  C11;ZOPI;1456;ZOPC;KL1;;9;91455;;;;;;
4901;KL19037  C12;ZOPI;1457;ZOPC;KL1;;9;91456;;;;;;
4901;KL19037  C13;ZOPI;1458;ZOPC;KL1;;9;91457;;;;;;
4901;KL19037  C14;ZOPI;1459;ZOPC;KL1;;9;91458;;;;;;
4901;KL19037  C15;ZOPI;1460;ZOPC;KL1;;9;91459;;;;;;
4901;KL19037  D01;ZOPI;1461;ZOPC;KL1;;9;91460;;;;;;
4901;KL19037  D02;ZOPI;1462;ZOPC;KL1;;9;91461;;;;;;
4901;KL19037  D03;ZOPI;1463;ZOPC;KL1;;9;91462;;;;;;
4901;KL19037  D04;ZOPI;1464;ZOPC;KL1;;9;91463;;;;;;
4901;KL19037  D05;ZOPI;1465;ZOPC;KL1;;9;91464;;;;;;
4901;KL19037  D06;ZOPI;1466;ZOPC;KL1;;9;91465;;;;;;
4901;KL19037  D07;ZOPI;1467;ZOPC;KL1;;9;91466;;;;;;
4901;KL19037  D08;ZOPI;1468;ZOPC;KL1;;9;91467;;;;;;
4901;KL19037  D09;ZOPI;1469;ZOPC;KL1;;9;91468;;;;;;
4901;KL19037  D10;ZOPI;1470;ZOPC;KL1;;9;91469;;;;;;
4901;KL19037  D11;ZOPI;1471;ZOPC;KL1;;9;91470;;;;;;
4901;KL19037  D12;ZOPI;1472;ZOPC;KL1;;9;91471;;;;;;
4901;KL19037  D13;ZOPI;1473;ZOPC;KL1;;9;91472;;;;;;
4901;KL19037  D14;ZOPI;1474;ZOPC;KL1;;9;91473;;;;;;
4901;KL19037  D15;ZOPI;1475;ZOPC;KL1;;9;91474;;;;;;
4901;KL19037  E01;ZOPI;1476;ZOPC;KL1;;9;91475;;;;;;
4901;KL19037  E02;ZOPI;1477;ZOPC;KL1;;9;91476;;;;;;
4901;KL19037  E03;ZOPI;1478;ZOPC;KL1;;9;91477;;;;;;
4901;KL19037  E04;ZOPI;1479;ZOPC;KL1;;9;91478;;;;;;
4901;KL19037  E05;ZOPI;1480;ZOPC;KL1;;9;91479;;;;;;
4901;KL19037  E06;ZOPI;1481;ZOPC;KL1;;9;91480;;;;;;
4901;KL19037  E07;ZOPI;1482;ZOPC;KL1;;9;91481;;;;;;
4901;KL19037  E08;ZOPI;1483;ZOPC;KL1;;9;91482;;;;;;
4901;KL19037  E09;ZOPI;1484;ZOPC;KL1;;9;91483;;;;;;
4901;KL19037  E10;ZOPI;1485;ZOPC;KL1;;9;91484;;;;;;
4901;KL19037  E11;ZOPI;1486;ZOPC;KL1;;9;91485;;;;;;
4901;KL19037  E12;ZOPI;1487;ZOPC;KL1;;9;91486;;;;;;
4901;KL19037  E13;ZOPI;1488;ZOPC;KL1;;9;91487;;;;;;
4901;KL19037  E14;ZOPI;1489;ZOPC;KL1;;9;91488;;;;;;
4901;KL19037  E15;ZOPI;1490;ZOPC;KL1;;9;91489;;;;;;
4901;KL19037  F01;ZOPI;1491;ZOPC;KL1;;9;91490;;;;;;
4901;KL19037  F02;ZOPI;1492;ZOPC;KL1;;9;91491;;;;;;
4901;KL19037  F03;ZOPI;1493;ZOPC;KL1;;9;91492;;;;;;
4901;KL19037  F04;ZOPI;1494;ZOPC;KL1;;9;91493;;;;;;
4901;KL19037  F05;ZOPI;1495;ZOPC;KL1;;9;91494;;;;;;
4901;KL19037  F06;ZOPI;1496;ZOPC;KL1;;9;91495;;;;;;
4901;KL19037  F07;ZOPI;1497;ZOPC;KL1;;9;91496;;;;;;
4901;KL19037  F08;ZOPI;1498;ZOPC;KL1;;9;91497;;;;;;
4901;KL19037  F09;ZOPI;1499;ZOPC;KL1;;9;91498;;;;;;
4901;KL19037  F10;ZOPI;1500;ZOPC;KL1;;9;91499;;;;;;
4901;KL19037  F11;ZOPI;1501;ZOPC;KL1;;9;91500;;;;;;
4901;KL19037  F12;ZOPI;1502;ZOPC;KL1;;9;91501;;;;;;
4901;KL19037  F13;ZOPI;1503;ZOPC;KL1;;9;91502;;;;;;
4901;KL19037  F14;ZOPI;1504;ZOPC;KL1;;9;91503;;;;;;
4901;KL19037  F15;ZOPI;1505;ZOPC;KL1;;9;91504;;;;;;
4901;KL19037  P03;ZOPI;1506;ZOPC;KL1;;9;91505;;;;;;
4901;KL19039  A01;ZOPI;1507;ZOPC;KL1;;9;91506;;;;;;
4901;KL19039  A02;ZOPI;1508;ZOPC;KL1;;9;91507;;;;;;
4901;KL19039  A03;ZOPI;1509;ZOPC;KL1;;9;91508;;;;;;
4901;KL19039  P01;ZOPI;1510;ZOPC;KL1;;9;91509;;;;;;
4901;KL19039  P02;ZOPI;1511;ZOPC;KL1;;9;91510;;;;;;
4901;KL19039  P03;ZOPI;1512;ZOPC;KL1;;9;91511;;;;;;
4901;KL19041  P01;ZOPI;1513;ZOPC;KL1;;9;91512;;;;;;
4901;KL19041  P02;ZOPI;1514;ZOPC;KL1;;9;91513;;;;;;
4901;KL19041  P03;ZOPI;1515;ZOPC;KL1;;9;91514;;;;;;
4901;KL19041  P04;ZOPI;1516;ZOPC;KL1;;9;91515;;;;;;
4901;KL19041  P05;ZOPI;1517;ZOPC;KL1;;9;91516;;;;;;
4901;KL19041  P06;ZOPI;1518;ZOPC;KL1;;9;91517;;;;;;
4901;KL19041  P07;ZOPI;1519;ZOPC;KL1;;9;91518;;;;;;
4901;KL19041  P08;ZOPI;1520;ZOPC;KL1;;9;91519;;;;;;
4901;KL19041  P09;ZOPI;1521;ZOPC;KL1;;9;91520;;;;;;
4901;KL19041  P10;ZOPI;1522;ZOPC;KL1;;9;91521;;;;;;
4901;KL19041  P11;ZOPI;1523;ZOPC;KL1;;9;91522;;;;;;
4901;KL19041  P12;ZOPI;1524;ZOPC;KL1;;9;91523;;;;;;
4901;KL19041  P13;ZOPI;1525;ZOPC;KL1;;9;91524;;;;;;
4901;KL19041  P14;ZOPI;1526;ZOPC;KL1;;9;91525;;;;;;
4901;KL19041  P15;ZOPI;1527;ZOPC;KL1;;9;91526;;;;;;
4901;KL19041  P17;ZOPI;1528;ZOPC;KL1;;9;91527;;;;;;
4901;KL19041  P18;ZOPI;1529;ZOPC;KL1;;9;91528;;;;;;
4901;KNF13001 E01;ZOPI;1530;ZOPC;KNF1;;3;91529;;;;;;
4901;KNF13001 E02;ZOPI;1531;ZOPC;KNF1;;3;91530;;;;;;
4901;KNF13001 E03;ZOPI;1532;ZOPC;KNF1;;3;91531;;;;;;
4901;KNF15001 E01;ZOPI;1533;ZOPC;KNF1;;5;91532;;;;;;
4901;KNF15001 E02;ZOPI;1534;ZOPC;KNF1;;5;91533;;;;;;
4901;KNF15001 E03;ZOPI;1535;ZOPC;KNF1;;5;91534;;;;;;
4901;KNF12001  E01;ZOPI;1536;ZOPC;KNF1;;2;91535;;;;;;
4901;KNF12001  E02;ZOPI;1537;ZOPC;KNF1;;2;91536;;;;;;
4901;KNF12001  E03;ZOPI;1538;ZOPC;KNF1;;2;91537;;;;;;
4901;KNF12002  E01;ZOPI;1539;ZOPC;KNF1;;2;91538;;;;;;
4901;KNF12002  E02;ZOPI;1540;ZOPC;KNF1;;2;91539;;;;;;
4901;KNF12002  E03;ZOPI;1541;ZOPC;KNF1;;2;91540;;;;;;
4901;KNF13002  E01;ZOPI;1542;ZOPC;KNF1;;3;91541;;;;;;
4901;KNF13002  E02;ZOPI;1543;ZOPC;KNF1;;3;91542;;;;;;
4901;KNF13002  E03;ZOPI;1544;ZOPC;KNF1;;3;91543;;;;;;
4901;KNF14001  E01;ZOPI;1545;ZOPC;KNF1;;4;91544;;;;;;
4901;KNF14001  E02;ZOPI;1546;ZOPC;KNF1;;4;91545;;;;;;
4901;KNF14001  E03;ZOPI;1547;ZOPC;KNF1;;4;91546;;;;;;
4901;KNF14002  E01;ZOPI;1548;ZOPC;KNF1;;4;91547;;;;;;
4901;KNF14002  E02;ZOPI;1549;ZOPC;KNF1;;4;91548;;;;;;
4901;KNF14002  E03;ZOPI;1550;ZOPC;KNF1;;4;91549;;;;;;
4901;KNF11002  E01;ZOPI;1551;ZOPC;KNF1;;1;91550;;;;;;
4901;KNF11002  E02;ZOPI;1552;ZOPC;KNF1;;1;91551;;;;;;
4901;KNF11002  E03;ZOPI;1553;ZOPC;KNF1;;1;91552;;;;;;
